sentenceID,isCorrect,pairID,word1,word2,relatedness,sd,se,ci
1,0,1,atheism,prophet,0.212970834416913,0.892461102759933,0.168659295192946,0.346060288764943
1,0,2,non,prophet,-0.779943058250298,0.389850518025142,0.137832972472333,0.325923189377199
1,0,3,organization,prophet,-0.315206882747317,0.557596217766009,0.176327406283583,0.398880305122037
1,1,1,atheism,profit,-0.825022679035292,0.383843864166057,0.080036978425989,0.165986533994074
1,1,2,non,profit,0.537295827541372,0.716447552028056,0.216017064731426,0.481316014620125
1,1,3,organization,profit,1.14790577851505,0.712108766027885,0.205568093879246,0.452452324016545
2,0,4,circumference,pi,1.27193586016228,0.817042330446813,0.204260582611703,0.43537112598349
2,0,5,large,pi,-0.048889565836259,0.997049842958244,0.276531871767636,0.602511190019218
2,0,6,much,pi,-0.316593921901783,0.696813475290199,0.14529565350721,0.301324742692118
2,1,4,circumference,pie,0.379966961424945,0.944114505293577,0.333794884454835,0.789299478839515
2,1,5,large,pie,0.256550264771002,0.626406536414639,0.118379708212747,0.242895097842947
2,1,6,much,pie,-0.155769675285503,0.911946727114752,0.288382876241865,0.652367389118883
3,0,7,baker,knead,1.41355339919079,0.368377207301227,0.111069907085195,0.247479175263027
3,0,8,basis,knead,-0.754514916649654,0.430795538624972,0.119481184904113,0.260327138572923
3,0,9,bread,knead,1.45620579262288,0.842526090375204,0.159222464872594,0.326697512334799
3,0,10,know,knead,-0.977045746381195,0.304956412243633,0.096435684976314,0.21815267551852
3,0,11,recipe,knead,0.866398656745918,0.633190571685826,0.223866673511217,0.529360565308028
3,0,12,trade,knead,-0.66611011280683,0.4636394770945,0.133841188453723,0.294582469595674
3,1,7,baker,need,-0.847793406929538,0.20913347089356,0.05800318867096,0.126378091637897
3,1,8,basis,need,0.508149689456561,0.765999622010675,0.144760321729266,0.297023645699612
3,1,9,bread,need,-0.286421574470693,0.725215400799766,0.15121786436293,0.313606656288244
3,1,10,know,need,0.08625955192439,0.718887537854924,0.207524956748804,0.456759350152776
3,1,11,recipe,need,-0.119341625524742,0.510092315849231,0.153798620010487,0.34268468062724
3,1,12,trade,need,0.286805525232882,0.75780807158429,0.189452017896072,0.403807417449966
4,0,13,choose,oar,-0.621176828220049,0.395294810446478,0.11918586980233,0.265562667114348
4,0,14,either,oar,-0.817415912078897,0.413813195762372,0.119457579983812,0.262924360804831
4,0,15,indecisive,oar,-0.886550122888529,0.27667083580083,0.069167708950208,0.147427481809331
4,0,16,rower,oar,1.51772650409791,0.391516795494863,0.081636895206115,0.169304558315265
4,1,13,choose,or,1.10234815748778,0.825800430298019,0.229035830364595,0.499026205651866
4,1,14,either,or,1.07030039522456,1.28536981483645,0.321342453709112,0.684925226927349
4,1,15,indecisive,or,1.25229450650613,0.853836876327697,0.301876922639227,0.713825492268915
4,1,16,rower,or,-0.906011724627619,0.236118343031851,0.07466717613256,0.168908887314185
5,0,17,cake,tier,0.846589749037438,0.823692608649454,0.228451225823562,0.497752461777581
5,0,18,emotional,tier,-0.570508583521174,0.449539798334111,0.084955036487013,0.17431333639275
5,0,19,even,tier,0.174805833866074,0.669461545149929,0.211702328856943,0.478903939604794
5,0,20,wedding,tier,0.457995185518359,0.96981306175684,0.342880696225775,0.810784009698486
5,1,17,cake,tear,-0.582700479362776,0.568923318314325,0.107516401094667,0.220605432788173
5,1,18,emotional,tear,1.21594307492533,0.68493116639839,0.142818020830989,0.296186447012745
5,1,19,even,tear,-0.535524877381776,0.407893845736289,0.117748810818319,0.259163385229558
5,1,20,wedding,tear,-0.150419813659689,0.863799424383937,0.260445325891499,0.580308349437076
6,0,21,conduct,poll,0.771880233844757,0.834839171815657,0.240997310288907,0.530431503567884
6,0,22,country,poll,0.176479716288564,0.842644152584654,0.175703451734809,0.364386656490596
6,0,23,decide,poll,-0.609642823120879,0.673353253686229,0.203023644894747,0.45236487106185
6,0,24,flag,poll,0.066849233147248,1.06449701294945,0.201171026259668,0.412768850711243
6,0,25,new,poll,-0.291702180374532,0.613952444119958,0.153488111029989,0.327152164503699
6,1,21,conduct,pole,-0.441474931942485,0.723496346090865,0.180874086522716,0.385523989522383
6,1,22,country,pole,-0.331335895533622,0.919351970987777,0.290724619968642,0.657664781463849
6,1,23,decide,pole,-0.910535424328637,0.272254666116969,0.075509858359158,0.16452184815929
6,1,24,flag,pole,1.45959752477869,0.419470837087087,0.087465715809245,0.18139279238174
6,1,25,new,pole,-0.529708377732807,0.33032260961003,0.116786678617245,0.276156612521309
7,0,26,chairman,bored,-0.438220726243671,0.480958452671946,0.133393874036655,0.290640284150079
7,0,27,executive,bored,0.131752393415876,0.578536681779875,0.204543605425857,0.483668769898206
7,0,28,meetings,bored,0.476620883815132,0.786005084984162,0.248556632102416,0.562274165671479
7,1,26,chairman,board,1.74741551495295,0.531003948298543,0.100350313742239,0.205901836074697
7,1,27,executive,board,1.36851157208971,0.333499315104183,0.100553826912826,0.22404788846037
7,1,28,meetings,board,1.53868596524338,0.638891326303682,0.184432039612174,0.405932182231828
8,0,29,donut,greece,-0.747574590891916,0.566532914117157,0.118130278631186,0.244987203357215
8,0,30,first,greece,-0.367145191414409,0.663210797648712,0.199965579337554,0.445551076381948
8,0,31,know,greece,-0.628334900018039,0.4184350050432,0.1046087512608,0.222968275336408
8,0,32,made,greece,-0.402622492632511,0.462726068561498,0.133577510122519,0.294002117501655
8,1,29,donut,grease,0.900077078081742,0.722680258995875,0.228531563846735,0.516974314081368
8,1,30,first,grease,-0.871741443409052,0.18350247964327,0.050894430732969,0.110889438639603
8,1,31,know,grease,-0.895528881742374,0.185804726602816,0.065691891078682,0.155336638777643
8,1,32,made,grease,-0.531472048878473,0.296346101844062,0.074086525461016,0.157911691025984
9,0,33,above,sine,-0.728519927323733,0.389863580741394,0.117548292431239,0.261913917350688
9,0,34,always,sine,-0.815121699369387,0.387616562369473,0.073252644862813,0.150302012142413
9,0,35,before,sine,-0.336899979909447,0.769845156392852,0.243446413984995,0.550714049153693
9,0,36,hoping,sine,-0.817280033323014,0.430173631651126,0.089697402746538,0.186021027816987
9,0,37,prayed,sine,-0.909208080442562,0.202268882079974,0.071512849070886,0.169101017213512
9,0,38,test,sine,-0.173873377044911,0.946723132600156,0.236680783150039,0.504473147687882
9,0,39,trigonometry,sine,1.46768639562691,0.766358237155978,0.212549532264621,0.463105647837924
9,1,33,above,sign,0.143826371403954,0.538097165977028,0.149241301777849,0.325168863029815
9,1,34,always,sign,-0.505156693431939,0.542745694381139,0.113170300445883,0.234700838181325
9,1,35,before,sign,-0.447743610494994,0.836686804052807,0.241530675773648,0.531605433084704
9,1,36,hoping,sign,-0.172971801008775,0.707746910986863,0.223809224566693,0.506291640453858
9,1,37,prayed,sign,0.348867667741489,0.627430334300913,0.189177363723944,0.421513434029658
9,1,38,test,sign,-0.036122222695213,0.710022153484291,0.251030739760709,0.593593375133449
9,1,39,trigonometry,sign,0.554545004398867,0.967993275702751,0.182933534163733,0.375348607884736
10,0,40,dislike,principal,0.009964760535553,0.510681501542354,0.180553176383563,0.426940419578684
10,0,41,john,principal,-0.302361145865677,0.752339648416783,0.142178829368898,0.291726860896549
10,0,42,school,principal,1.73631632190123,0.700097529969939,0.202100748693568,0.444820748717953
10,1,40,dislike,principle,-0.190645820709604,0.738904663136023,0.222788138496922,0.49640290714669
10,1,41,john,principle,-0.455802645044885,0.703301099651768,0.146648416699585,0.304130201844036
10,1,42,school,principle,1.01949205280251,1.12410962043047,0.281027405107616,0.598995734906472
11,0,43,music,cd,1.75823618229048,0.499373741578904,0.157915842706966,0.357230454698879
11,0,44,part,cd,-0.513742868339641,0.437932543533729,0.109483135883432,0.233357780225201
11,0,45,store,cd,1.0936602079745,0.377597645232785,0.104726743952405,0.228179973332775
11,0,46,town,cd,-0.777168646242943,0.443888950038891,0.09255724432377,0.191951976242478
11,1,43,music,seedy,-0.494650579415055,0.368995545350612,0.106519838718974,0.234448584275817
11,1,44,part,seedy,-0.806785859173703,0.27672397096867,0.097836698194408,0.231347029246261
11,1,45,store,seedy,-0.220254787285015,0.527456432032502,0.099679896184246,0.204526252870423
11,1,46,town,seedy,0.568853266521121,0.784986148972987,0.248234416243889,0.561545262759144
12,0,47,mad,hare,-0.372814037663931,0.806862364629718,0.232921101708973,0.512655888333644
12,0,48,magician,hare,0.480614666665408,0.948990154866066,0.286131297584728,0.637540260917778
12,0,49,out,hare,-0.783945763902641,0.116660725261204,0.041245794965169,0.097530807050862
12,0,50,pulled,hare,-0.718077284983201,0.572854903448163,0.108259400846268,0.222129942352245
12,1,47,mad,hair,-0.446788116515454,0.560393456159636,0.140098364039909,0.298612594366532
12,1,48,magician,hair,-0.52993321959984,0.300731532760377,0.083407920116648,0.181730246446011
12,1,49,out,hair,-0.602941217121019,0.511012513368294,0.154076070001737,0.343302877732227
12,1,50,pulled,hair,0.714655005744273,0.701185085805962,0.14620719731239,0.303215168839895
13,0,51,admonished,knotty,-0.681502204920682,0.39828660517303,0.083048498104436,0.172232043548668
13,0,52,apparently,knotty,-0.859038510339086,0.342657718524949,0.098916763015141,0.217714327480627
13,0,53,father,knotty,-0.957404058374754,0.305096738275221,0.091990127783652,0.204966777713937
13,0,54,pine,knotty,0.186427140223222,1.0943414948269,0.303515720958947,0.661303946831051
13,0,55,sapling,knotty,-0.267658057066485,0.702424754492282,0.17560618862307,0.374295730938128
13,0,56,young,knotty,-0.898306565899094,0.179749071878783,0.056841647443828,0.128584739910305
13,1,51,admonished,naughty,1.20150495252473,0.822900631105067,0.260224028228201,0.588667649388628
13,1,52,apparently,naughty,-0.28106134788252,0.710118115469494,0.177529528867374,0.378395233627804
13,1,53,father,naughty,-0.506557275020283,0.576919038145435,0.160008551832672,0.348628685589499
13,1,54,pine,naughty,-0.607555526814842,0.712045879775639,0.134564022853895,0.276102568511973
13,1,55,sapling,naughty,-0.963003701747602,0.211834696781758,0.074894875292489,0.177098238436636
13,1,56,young,naughty,0.218343355000167,0.785265661647401,0.226686670568748,0.498933997912397
14,0,57,learn,taut,-0.701849637276055,0.504561468179286,0.095353154710573,0.195648512677819
14,0,58,rope,taut,0.823133524033699,0.810667796819557,0.286614348210334,0.677735238632614
14,0,59,trick,taut,-0.819567385416993,0.309221951313157,0.097784566867127,0.221204058349591
14,1,57,learn,teach,1.45899477086049,0.607481147675152,0.126668575558204,0.262694547399925
14,1,58,rope,teach,-0.292679613234723,0.641856592661082,0.193527044279345,0.431205126268876
14,1,59,trick,teach,-0.300934187079601,0.79507939144367,0.229519650338563,0.5051693443446
15,0,60,class,marx,0.291062991843603,0.932384575105882,0.281124526903741,0.626384480640486
15,0,61,communism,marx,1.484117772585,0.619682242495346,0.129212679695491,0.267970696452188
15,0,62,drop,marx,-0.974134049602003,0.254023751495808,0.070453512400297,0.153505016712885
15,0,63,lousy,marx,-0.447405577960524,0.530338751462365,0.153095610459243,0.336961166695964
15,0,64,out,marx,-0.690879394798797,0.503665018401055,0.125916254600264,0.268384143646321
15,1,60,class,mark,0.265078142263883,0.983524532697046,0.272780625639689,0.594337926828408
15,1,61,communism,mark,-0.72341465204483,0.590274381745266,0.186661149076276,0.422256855399041
15,1,62,drop,mark,-0.283500750136741,0.673861797015235,0.127347909494957,0.261296326911722
15,1,63,lousy,mark,-0.159164305498618,0.809039962936495,0.202259990734124,0.431106965335172
15,1,64,out,mark,-0.340761339752305,0.822554237011614,0.290816839442319,0.687672551316873
16,0,65,boy,hi,-0.601338814847851,0.45226165890609,0.08546941978536,0.175368763741465
16,0,66,instinctively,hi,-0.753637514649243,0.298399002314603,0.105499979017978,0.249467808928441
16,0,67,natural,hi,-0.717051055168573,0.319312748651554,0.079828187162888,0.170149753251199
16,0,68,people,hi,0.2543776500543,0.993994985631793,0.275684606788425,0.600665158212385
16,0,69,wave,hi,0.960027098316622,1.22681266820149,0.387952229386513,0.877608914530232
16,1,65,boy,high,-0.705672140173113,0.40076628460745,0.083565547008753,0.173304337346121
16,1,66,instinctively,high,-0.498601106522968,0.649223073347745,0.195748121775987,0.436153995332416
16,1,67,natural,high,-0.012319950555378,0.881349936686613,0.311604258414719,0.73682698634703
16,1,68,people,high,-0.412698208052517,0.575310973652101,0.108723554486421,0.223082306955445
16,1,69,wave,high,0.482962181604805,0.657520643711624,0.189809860322321,0.417768685808495
17,0,70,end,daze,-0.793870186343594,0.253380409322781,0.080125920792575,0.181257425646725
17,0,71,having,daze,-0.821772754723475,0.479421229400972,0.144550939495811,0.322079564381735
17,0,72,long,daze,-0.365334239586843,0.705484919544754,0.249426585317471,0.589800152633668
17,0,73,school,daze,0.009049183208419,0.750616491902607,0.208183557674135,0.453593006386172
17,0,74,teacher,daze,-0.449397166445749,0.452749984531454,0.094404897738926,0.195783774898992
17,0,75,time,daze,-0.427734704492132,0.579775419551587,0.10956725545726,0.224813438354196
17,0,76,tough,daze,-0.447304647490349,0.602261941633123,0.173858047062275,0.382658981546581
17,1,70,end,day,0.267239579087959,0.996079207295322,0.287543299233072,0.63287853449578
17,1,71,having,day,-0.354836527565302,0.752263135435642,0.208640254419578,0.454588063114412
17,1,72,long,day,0.388597629041385,0.659112470834473,0.198729887309274,0.442797782964647
17,1,73,school,day,0.990153412360027,0.770857589516371,0.145678391293359,0.29890736884747
17,1,74,teacher,day,-0.053209727084848,0.918946651781019,0.290596446781365,0.657374833570172
17,1,75,time,day,1.47513600142584,0.285455344546792,0.059521553907635,0.123440147608841
17,1,76,tough,day,-0.003951185069658,0.850480691783743,0.212620172945936,0.453189171002455
18,0,77,author,prose,1.21854723251659,0.968462898838451,0.242115724709613,0.51605745140518
18,0,78,con,prose,-0.988175325203342,0.283072012549129,0.085349423116022,0.190170365639423
18,0,79,jail,prose,-0.818689906539946,0.302911473182953,0.063161408341909,0.130988743691173
18,1,77,author,pro,0.225336918485853,0.683905165977775,0.241796990275698,0.57175902716806
18,1,78,con,pro,1.28154356362381,0.81684973085941,0.22655335299712,0.493617352114254
18,1,79,jail,pro,-0.544345759521232,0.55466552473859,0.175400639774641,0.396783813625593
19,0,80,eat,plane,-0.543054197801893,0.480269593104393,0.090762421830029,0.18622910686051
19,0,81,expect,plane,-0.627034179882813,0.355474977604563,0.102616787005085,0.225858025374477
19,0,82,fancy,plane,-0.31665950967214,0.731497921324415,0.23131995350638,0.523282089722606
19,0,83,fly,plane,1.59459509492523,0.822950214878526,0.228245322838356,0.497303837711749
19,0,84,food,plane,-0.107567803964099,0.694997300825431,0.173749325206358,0.370337920252409
19,0,85,something,plane,-0.7301501425976,0.201369204028971,0.071194764845512,0.168348867540142
19,1,80,eat,plain,0.081997827626014,0.711000659025118,0.148253885810816,0.307459740995171
19,1,81,expect,plain,-0.24460729053581,0.697777728747634,0.174444432186909,0.371819505710219
19,1,82,fancy,plain,0.351653509219275,1.23412128543999,0.356260128180714,0.784123255258097
19,1,83,fly,plain,-0.615666790695139,0.720764667159547,0.136211718793315,0.279483361322354
19,1,84,food,plain,0.249416236570178,0.711625649071213,0.251597661062267,0.594933930991857
19,1,85,something,plain,-0.218264018853678,0.61939559661923,0.18675479916221,0.416115623808214
20,0,86,beaver,dam,1.43013573007484,0.341606675207307,0.102998287958495,0.229494487088392
20,0,87,best,dam,-0.685682848013475,0.571065540075234,0.18058677998719,0.408515677854686
20,0,88,last,dam,-0.700251215730588,0.362171107209758,0.068443905837852,0.140435294665208
20,0,89,movie,dam,-0.76537102675955,0.231063817006367,0.064085572316991,0.139630467160827
20,0,90,movie,dam,-0.723009377177616,0.380774976760166,0.109920267666578,0.241932877927438
20,0,91,night,dam,-0.739837466068135,0.350695974037256,0.123989750688283,0.293189171426456
20,0,92,see,dam,-0.578751664389796,0.533210166002808,0.111182005333351,0.230577366496399
20,1,86,beaver,damn,-0.063336251110301,1.14085764241752,0.316416979057025,0.689413373493992
20,1,87,best,damn,-0.590036116761407,0.613268946081249,0.177035495552824,0.389652498521234
20,1,88,last,damn,-0.461702607368854,0.546537949984417,0.113961040400955,0.236340732477864
20,1,89,movie,damn,-0.597936503279714,0.59961777938674,0.113317108996436,0.23250750227821
20,1,90,movie,damn,-0.632834646206393,0.558139760233965,0.139534940058491,0.297411684577382
20,1,91,night,damn,-0.810753987223521,0.328012449219677,0.09889947460247,0.220361761802793
20,1,92,see,damn,-0.977045746381195,0.304956412243633,0.096435684976314,0.21815267551852
21,0,93,computer,hertz,0.421382149003866,1.17903631219261,0.294759078048152,0.628264102955353
21,0,94,slow,hertz,-0.210378162973284,0.742129105024146,0.154744615488811,0.320920690465409
21,1,93,computer,hurt,-0.700567935837044,0.330518539008542,0.116855950120405,0.276320413597627
21,1,94,slow,hurt,-0.385379948922231,0.770304176532587,0.24359156889834,0.551042412380632
22,0,95,actor,role,1.51203583982452,0.370500136852099,0.111709994428522,0.248905378741359
22,0,96,another,role,-0.109727419779322,0.527582442604905,0.166836217214656,0.377409743786291
22,0,97,great,role,0.037679214736919,0.622878501004021,0.117712972190381,0.241527068525819
22,0,98,movie,role,1.50719980103713,0.536980588676596,0.189851307809383,0.448927006642673
22,0,99,one,role,-0.174359608089913,0.621756620057699,0.179485675980372,0.395045309281815
22,1,95,actor,roll,-0.130075067514761,0.927270863885058,0.25717866507549,0.560344174983168
22,1,96,another,roll,-0.222925928080213,0.727413405230188,0.209986162660896,0.46217642784122
22,1,97,great,roll,-0.626703462766894,0.579994945561285,0.120937306229776,0.250808622294795
22,1,98,movie,roll,0.300969281387335,0.885038294935637,0.266849086308855,0.594576816821799
22,1,99,one,roll,-0.275896542020841,0.652862238053217,0.163215559513304,0.347885730152917
23,0,100,id,collar,0.455070154516723,1.08913271367084,0.205826736079855,0.422321578196181
23,0,101,man,collar,0.169665527603799,0.638772260146961,0.177163549023376,0.386006213561511
23,0,102,name,collar,-0.239107257359563,0.823642848566714,0.171741405961188,0.35616987646688
23,0,103,neck,collar,1.35678822900602,0.441184342743532,0.133022084387259,0.296391674395449
23,0,104,put,collar,-0.626225828753545,0.36031215953489,0.090078039883722,0.191996797175076
23,0,105,shirt,collar,1.71237068795948,0.635847737467784,0.18355343119532,0.4039983781448
23,1,100,id,caller,1.14078991644117,0.818145723284795,0.170595176104031,0.353792741236494
23,1,101,man,caller,0.1728531964543,0.711350741007687,0.134432653974847,0.275833021837025
23,1,102,name,caller,0.668659091421552,0.406182642975248,0.128446229782878,0.290565558737761
23,1,103,neck,caller,-0.682894749380722,0.756542201668244,0.209827053859021,0.457173876959311
23,1,104,put,caller,-0.374559629015958,0.456154450801519,0.16127495271509,0.381354664364581
23,1,105,shirt,caller,-0.633592127511618,0.692998054795828,0.173249513698957,0.369272597242094
24,0,106,muscle,steal,-0.389849238650028,0.803843535950774,0.254197645600789,0.575035024762264
24,0,107,thief,steal,1.40657815930287,1.14094230946358,0.403384021982168,0.953851641084071
24,1,106,muscle,steel,0.272910017001424,0.663434332961707,0.191516995362541,0.421526064698291
24,1,107,thief,steel,-0.597283712240962,0.686766450473294,0.207067875893101,0.46137597927569
25,0,108,actress,dye,-0.361951574506001,0.524057339736037,0.145347354592426,0.316684680944169
25,0,109,first,dye,-0.889894946138966,0.28312250995323,0.059035124269266,0.122431354282398
25,0,110,gray,dye,0.698618834125592,0.901516773214458,0.260245475847165,0.572796430320598
25,0,111,hair,dye,1.48433806330608,0.547198754972879,0.103410844527315,0.212181526536143
25,0,112,saw,dye,-0.382343614309707,0.749649918990239,0.18741247974756,0.399460244790167
25,0,113,strand,dye,0.559800324973014,0.584526772619972,0.176241453154349,0.392690429103723
25,0,114,think,dye,-0.754200229129679,0.264869514928317,0.093645515067702,0.221436455981986
25,1,108,actress,die,-0.024059826505242,0.727090161326286,0.137407124827942,0.281936131903787
25,1,109,first,die,-0.544839480397006,0.421239446722407,0.133207609195196,0.301336547280136
25,1,110,gray,die,-0.098322787270078,0.858802592106445,0.214700648026611,0.45762359866771
25,1,111,hair,die,-0.260676966503603,0.958046147719075,0.199766431131281,0.414290221394467
25,1,112,saw,die,-0.483263357730087,0.31273304799921,0.11056782947069,0.261451371012368
25,1,113,strand,die,-0.145139986854493,0.666257065581417,0.184786462507229,0.402615115259572
25,1,114,think,die,-0.666366335760879,0.592648825279838,0.178690344172556,0.398146898325671
26,0,115,belt,waist,1.46299948299053,0.73213153484448,0.203056753020456,0.442422658631538
26,0,116,cardboard,waist,-0.898306565899094,0.179749071878783,0.056841647443828,0.128584739910305
26,0,117,paper,waist,-0.456903001729479,0.688184249189931,0.172046062297483,0.366707501299318
26,1,115,belt,waste,-0.24968941435078,1.01872271054764,0.192520496217335,0.395019429186656
26,1,116,cardboard,waste,0.567217980772463,0.686141716572219,0.198072052382601,0.435953647922999
26,1,117,paper,waste,1.12933526484927,0.637561688858876,0.22541209680843,0.533014910715593
27,0,118,fit,foot,0.027560141343848,0.742620424435403,0.154847062667964,0.321133152911138
27,0,119,fourteen,foot,-0.367883923440896,0.83539566485018,0.241157955990549,0.530785082373231
27,0,120,quite,foot,-0.825666924364559,0.465849270121943,0.164702588957015,0.389459736147875
27,0,121,shoe,foot,1.88772641635073,0.575489464534292,0.108757286092533,0.223151518494236
27,0,122,size,foot,1.1565555100512,0.454263936209007,0.136965730199565,0.305178664848321
27,1,118,fit,feat,-0.073491314279423,0.799852085767009,0.252935438226009,0.57217971330847
27,1,119,fourteen,feat,-0.846182777626222,0.30444662475667,0.076111656189168,0.162228154996203
27,1,120,quite,feat,-0.122767874831449,1.0052042338924,0.303080480136157,0.675305393070025
27,1,121,shoe,feat,-0.782443136926291,0.515193301646252,0.107425229418898,0.222786290105264
27,1,122,size,feat,0.067085720422618,0.966066391129091,0.267938608362953,0.583788077464385
28,0,123,mime,aloud,-0.28089679393206,0.824193765336681,0.260632953177424,0.58959270189156
28,0,124,something,aloud,-0.494306712418425,0.687723840623751,0.171930960155938,0.366462166892029
28,0,125,want,aloud,-0.532113913858016,0.410268458731061,0.113787997281571,0.247922748339227
28,1,123,mime,allow,-0.702152041876567,0.359852653783013,0.103880513265112,0.228639468119214
28,1,124,something,allow,-0.077694918887128,0.596522983159557,0.210902723262876,0.498705694154358
28,1,125,want,allow,0.274759661714828,0.799931658369876,0.151172873849584,0.3101811158286
29,0,126,bucket,pail,1.70826959657936,1.02478374808896,0.193665924647432,0.397369654193972
29,0,127,carry,pail,0.903753344375391,0.886019436544505,0.267144911634566,0.595235956723417
29,0,128,feel,pail,-0.487454776080876,0.669460506099921,0.21170200028048,0.478903196313195
29,0,129,many,pail,-0.559703745103118,0.438266938047447,0.126516767329303,0.278461527394563
29,0,130,start,pail,-0.836294919609356,0.318917041914354,0.112754201486797,0.26662131930466
29,0,131,those,pail,-0.857078333113506,0.184128603194648,0.03839346780628,0.079623178866884
29,1,126,bucket,pale,0.030679020300575,1.21447124823321,0.253234760714512,0.525176750102947
29,1,127,carry,pale,-0.691773138173142,0.534431413039225,0.148224604840892,0.322953670699691
29,1,128,feel,pale,-0.268096684986811,0.805648232989467,0.232570612094308,0.511884465893
29,1,129,many,pale,-0.664626165480999,0.262345331642178,0.065586332910544,0.139793959477112
29,1,130,start,pale,-0.710129104722896,0.577461341057665,0.174111145383975,0.387943807593866
29,1,131,those,pale,-0.696805216421225,0.583117212422878,0.184397853410453,0.417136924897069
30,0,132,castle,manor,1.16342320448332,0.567142936401544,0.118257477070377,0.245250996774532
30,0,133,home,manor,1.15053175851913,1.21838742618524,0.304596856546311,0.64923283146457
30,0,134,man,manor,-0.507834338523038,0.596872329562147,0.165542599164766,0.360686338916652
30,0,135,speaking,manor,-0.645022924012276,0.835853020782946,0.252019168165651,0.56153370003515
30,1,132,castle,manner,-0.583318809988527,0.660715544686079,0.208936600668677,0.472647427773356
30,1,133,home,manner,0.186411486250951,1.2050958729084,0.426065731856726,1.00748536232104
30,1,134,man,manner,-0.413159958937049,0.549008164816628,0.10375279084634,0.212883142428516
30,1,135,speaking,manner,1.06777889452441,0.72728741297695,0.201713235345227,0.439495385083865
31,0,136,chip,cache,-0.236471378032956,0.818049791121871,0.170575172865289,0.353751257058397
31,0,137,computer,cache,1.0554169137547,0.863459981676474,0.215864995419119,0.460105346388343
31,0,138,end,cache,-0.482932551870127,0.499540301674034,0.157968513633757,0.35734960461319
31,0,139,online,cache,0.803361269001471,1.01744294007887,0.29371047766981,0.646452402714678
31,0,140,poker,cache,-0.356650899984429,0.696031442431899,0.131537578668312,0.26989281797557
31,0,141,suddenly,cache,-0.797502490819805,0.416840901067577,0.115610864808443,0.251894435493559
31,0,142,tournament,cache,-0.179601731579132,0.818935015008553,0.289537251231827,0.684646806002292
31,1,136,chip,cash,0.614308536534834,0.904882117640275,0.28614885056997,0.64731367194333
31,1,137,computer,cash,-0.030398628514147,0.622501066594111,0.220087362742277,0.520423915409487
31,1,138,end,cash,-0.602794301144123,0.321730262152731,0.092875526730164,0.204417656068785
31,1,139,online,cash,-0.222210622301699,0.560148283737685,0.140037070934421,0.298481951204694
31,1,140,poker,cash,1.25421693246305,0.546403674508297,0.11393304202873,0.236282667407761
31,1,141,suddenly,cash,-0.56248084644757,0.573828344730319,0.108443363956876,0.222507403476497
31,1,142,tournament,cash,0.611697549724638,0.559752749819917,0.168771804229304,0.376047014123133
32,0,143,britain,reign,0.768095575906237,0.476181160888536,0.143574022082103,0.319902856737068
32,0,144,long,reign,0.731459765893335,0.761530739883457,0.240817164626495,0.544766273884581
32,0,145,place,reign,-0.11189373362167,0.650405246607851,0.122915038138286,0.252200826186474
32,0,146,queen,reign,1.75853959453502,0.238716990294965,0.084399201311006,0.199572398235067
32,0,147,wet,reign,-0.596183968544639,0.538195929793947,0.155363782471648,0.341953379635803
32,1,143,britain,rain,0.588654976444107,1.02735704435202,0.28493757704772,0.620825648525866
32,1,144,long,rain,-0.099289508767626,0.573340442142314,0.165509129304082,0.364283137457973
32,1,145,place,rain,-0.124989392589645,0.68579285040941,0.142997694367649,0.296559067121439
32,1,146,queen,rain,-0.80450808433613,0.301988559266919,0.09105297655167,0.202878674643772
32,1,147,wet,rain,1.67160366860003,0.332655461436911,0.083163865359228,0.17725958302692
33,0,148,extra,thyme,-0.60616564354925,0.568755354182741,0.17148619157544,0.3820950460284
33,0,149,gardener,thyme,0.443421682037815,1.01473417272141,0.253683543180353,0.540713672827757
33,0,150,half,thyme,-0.558384525647363,0.56974904161132,0.164472381272413,0.362001270425516
33,0,151,herb,thyme,1.52452946764133,0.742127791721586,0.20582921584608,0.448463336205784
33,0,152,work,thyme,-0.806612313681016,0.387991376839058,0.080901794600794,0.16778005296769
33,1,148,extra,time,0.37455093439788,0.722414444097942,0.200361716948534,0.43655067946162
33,1,149,gardener,time,-0.343649441681855,0.576171430136065,0.203707362687581,0.481691370039062
33,1,150,half,time,0.961374751225711,0.63600218900924,0.15900054725231,0.338901644184692
33,1,151,herb,time,-0.555091831994207,0.795904114145527,0.150411739534445,0.308619397213658
33,1,152,work,time,1.16121091785501,0.568754706057665,0.179856030108179,0.406862606781666
34,0,153,bad,pore,-0.654532980889198,0.414270773301515,0.078289817257016,0.16063743617761
34,0,154,excuse,pore,-0.898306565899094,0.179749071878783,0.056841647443828,0.128584739910305
34,0,155,skin,pore,1.80201698484168,0.421709761677887,0.149096916087498,0.352558183618193
34,1,153,bad,poor,0.611075463104912,1.00242990555018,0.209021084389084,0.433483197538615
34,1,154,excuse,poor,0.073911381022293,1.05249172065654,0.303828189120452,0.66872133547163
34,1,155,skin,poor,-0.201419991622719,0.698751477193353,0.210681497414266,0.469427629783373
35,0,156,complex,gilt,-0.784064971069133,0.292275724450505,0.088124446666512,0.196353503427447
35,0,157,gold,gilt,0.648786640098113,1.37365250021958,0.343413125054895,0.731967749337518
35,0,158,paint,gilt,-0.101953425431991,1.02138976172935,0.212974487690892,0.441682054172797
35,0,159,people,gilt,-0.672256448752771,0.662107403397198,0.183635553293301,0.400107499498485
35,1,156,complex,guilt,0.674946181195122,0.835248293828783,0.231656196241807,0.504735492443558
35,1,157,gold,guilt,-0.263432102605674,0.878896694456234,0.310736906306222,0.734776024516607
35,1,158,paint,guilt,-0.872609366825695,0.272537804039755,0.086184020926626,0.194961800257918
35,1,159,people,guilt,0.130056198282122,0.593513822728463,0.112163569615628,0.230140634974706
36,0,160,human,heir,0.324202842244139,1.17200171977632,0.338327754201781,0.744654366245252
36,1,160,human,err,0.436615021208746,1.03008907898918,0.257522269747295,0.548895724824395
37,0,161,boy,son,1.84186161037444,0.649077860808438,0.122664185801209,0.251686119706128
37,0,162,down,son,-0.59958183223735,0.564971685318705,0.156694952353992,0.341408972532973
37,0,163,little,son,0.535843469610164,0.658514065021382,0.232819880441669,0.550531535545304
37,0,164,rest,son,-0.768338144811851,0.352370669778162,0.111429389713805,0.252070792087316
37,1,161,boy,sun,-0.687498464835428,0.44055936659761,0.091862978183457,0.190512156392126
37,1,162,down,sun,0.714873639281546,0.854255831972713,0.161439177673313,0.331245831305586
37,1,163,little,sun,-0.69247622200845,0.464595794873713,0.140080902797548,0.31211970194453
37,1,164,rest,sun,-0.340750066085616,0.531105997386656,0.153317095279705,0.337448651498987
38,0,165,high,c,0.215793751726981,1.06534464948344,0.336891558544139,0.762101652246875
38,0,166,hit,c,-0.815647567852622,0.488813592642944,0.172821703046992,0.408658390226485
38,0,167,make,c,-1.02005310437571,0.264893730398662,0.07986846482272,0.177958029520002
38,0,168,novice,c,-0.703917840016708,0.425173849471958,0.106293462367989,0.226559152060226
38,0,169,pirate,c,-0.792378389611587,0.535795648640397,0.111721115730583,0.231695413029844
38,0,170,singer,c,0.694133199282786,0.972703478403568,0.183823678804523,0.377175033822791
38,0,171,terrible,c,-0.860856832198662,0.550337498652047,0.158868751495952,0.349667764444877
38,1,165,high,sea,0.642978004766509,0.750415678952739,0.21662634712374,0.476791375304212
38,1,166,hit,sea,-0.860192871142623,0.340329203499809,0.102613115746307,0.228636269917711
38,1,167,make,sea,-0.84873397511513,0.259701026605103,0.072028105208872,0.156935759725711
38,1,168,novice,sea,0.000673399330969,1.01670979451624,0.359461195100609,0.849990659441425
38,1,169,pirate,sea,1.81212499880114,0.411198491556595,0.130032380374436,0.29415368065973
38,1,170,singer,sea,-0.766043355256123,0.38921264944314,0.081156447542238,0.168308170844613
38,1,171,terrible,sea,-0.086708577299215,0.836713061110135,0.209178265277534,0.445852918466781
39,0,172,bright,watt,1.10663984407831,0.834914794433491,0.208728698608373,0.444894689794099
39,0,173,electrician,watt,1.63402244845377,0.253259288860895,0.0702414886135,0.153043056566019
39,0,174,know,watt,-0.889631856649002,0.273026063357031,0.082320455467552,0.183421405140459
39,0,175,spark,watt,0.53638566409786,0.749499582560401,0.156281466293604,0.324107923958856
39,1,172,bright,what,-0.763887552600214,0.222198456677402,0.078559017742888,0.185762558536141
39,1,173,electrician,what,-0.64532995441059,0.599256246632931,0.113248785728052,0.232367314511153
39,1,174,know,what,0.02511147764916,0.759640413377094,0.210686343180444,0.459046107557224
39,1,175,spark,what,-0.66477848824892,0.477917082424345,0.151130651316336,0.341881285393607
40,0,176,budget,razor,-0.25277588685621,0.729597610353459,0.230719022413298,0.521922689146041
40,0,177,fund,razor,-0.875571998716363,0.341350818364876,0.085337704591219,0.181893011670068
40,0,178,mayor,razor,-0.762674361585394,0.20325707824753,0.058675264420454,0.129143386253873
40,0,179,slash,razor,1.29702251554896,0.71641727009283,0.253291754920897,0.598939826414449
40,0,180,turn,razor,-0.755233435691892,0.435345816776256,0.120743204995811,0.263076844140013
40,0,181,want,razor,-0.877775268401213,0.242464802551491,0.04582154065983,0.094018035437982
40,1,176,budget,raiser,-0.190045096363501,0.687017024680438,0.198324732068553,0.436509792162037
40,1,177,fund,raiser,1.32481540960982,0.759759361716301,0.26861549836978,0.635174721798863
40,1,178,mayor,raiser,-0.564695466483936,0.426034605406762,0.106508651351691,0.227017816521745
40,1,179,slash,raiser,-0.802998641103167,0.884427751975575,0.266665000680044,0.594166648480153
40,1,180,turn,raiser,-0.830925624491081,0.244649633024312,0.046234434808968,0.094865224253258
40,1,181,want,raiser,-0.675236659525123,0.455665359108495,0.095012795360614,0.197044477404655
41,0,182,biblical,prophet,1.45995574696005,0.339133009008906,0.102252449536978,0.227832655524107
41,0,183,daniel,prophet,0.805308669413531,1.03460296736317,0.215729631521442,0.447395872761178
41,0,184,dream,prophet,0.804131545935035,0.725660687477989,0.256559796478089,0.606667516735798
41,0,185,interpreting,prophet,0.697770067196284,0.756030837999147,0.142876398631536,0.293158154796988
41,0,186,known,prophet,-0.031148315410505,0.859258579950561,0.248046586218976,0.545946855279357
41,1,182,biblical,profit,-0.385346756773982,0.795516038540095,0.220636451339254,0.480725530870216
41,1,183,daniel,profit,-0.8228096289801,0.088509035744749,0.027989014645866,0.063315549960811
41,1,184,dream,profit,-0.090587571496364,0.65170214205319,0.196495589114666,0.437819456350318
41,1,185,interpreting,profit,-0.167611856613276,0.701018560284393,0.146172474340834,0.303143157804349
41,1,186,known,profit,-0.155517957835815,0.634746800448829,0.158686700112207,0.338232694840544
42,0,187,decimal,pi,1.21262464055348,0.462096741609628,0.139327409887722,0.310440815117451
42,0,188,number,pi,1.59504276265363,0.433773110719178,0.120307014816578,0.262126467381325
42,0,189,place,pi,-0.564605975619762,0.381052267228626,0.110000314529882,0.242109059885683
42,0,190,recite,pi,0.588390716648794,1.11046403035755,0.351159559562023,0.794378112948294
42,0,191,ten,pi,-0.224980536862907,0.932813549297429,0.194505070656254,0.403378827604774
42,0,192,up,pi,-0.593747935644252,0.77985022894961,0.194962557237403,0.415552854024833
42,1,187,decimal,pie,0.107668833732929,0.961780936209207,0.266750037020466,0.5811984029744
42,1,188,number,pie,-0.155361651393749,0.966437400799387,0.182639501444774,0.374745302579132
42,1,189,place,pie,-0.717172001901282,0.291426498839026,0.072856624709756,0.15529021962863
42,1,190,recite,pie,-0.624687614571513,0.458297476560146,0.132299085730463,0.291188324386441
42,1,191,ten,pie,-0.662057990470628,0.643874494870332,0.203610993108065,0.460600066483866
42,1,192,up,pie,-0.909208080442562,0.202268882079974,0.071512849070886,0.169101017213512
43,0,193,baker,knead,1.48626023135334,0.726586717514231,0.137311982890385,0.281740916772911
43,0,194,bread,knead,1.49369181558088,0.37089500340227,0.077336954311121,0.160387026699558
43,0,195,dough,knead,1.53647393981059,0.361879921979362,0.109110901851694,0.24311423959102
43,0,196,flour,knead,1.81698242359774,0.338246631270911,0.119588243342583,0.282781260413252
43,0,197,make,knead,0.260196799876926,0.656965544383757,0.164241386095939,0.350072227756297
43,0,198,milk,knead,-0.519440108011665,0.504993798184073,0.159693060652107,0.361250801003333
43,0,199,together,knead,0.295652627301357,0.887794308931679,0.246229838686022,0.536488731575997
43,1,193,baker,need,-0.437258705886807,0.619572180862601,0.129189730258629,0.267923102233157
43,1,194,bread,need,-0.216317881468296,0.81367130134189,0.257305457895359,0.582065384605059
43,1,195,dough,need,-0.13363093997205,0.83424788150682,0.231378731786157,0.504130949327812
43,1,196,flour,need,-0.238400426559326,0.82357886582299,0.248318371200119,0.553287810532936
43,1,197,make,need,0.102641274770208,0.823393711068394,0.291113638341409,0.688374369191507
43,1,198,milk,need,-0.282660628303782,0.683035208472164,0.197175280738698,0.433979866842777
43,1,199,together,need,0.436270432215891,0.643932935295348,0.121691886271096,0.249691125859082
44,0,200,dip,oar,0.426404550784138,0.973979890331861,0.184064897985433,0.377669974699343
44,0,201,fisherman,oar,1.79733524738104,0.55434000401555,0.160024175270478,0.352210835026225
44,0,202,river,oar,1.13587566270064,0.493034290446673,0.17431394506617,0.412186981894278
44,1,200,dip,or,-0.828290514220088,0.329471962538249,0.068699653216898,0.14247436058087
44,1,201,fisherman,or,-0.553970983101291,0.794696436812967,0.198674109203242,0.423463839775743
44,1,202,river,or,-0.902876433517343,0.34741566429129,0.104749764067844,0.233397019055958
45,0,203,box,tier,-0.160263934106645,0.775110638482003,0.245111505623049,0.554480748129432
45,0,204,stack,tier,0.895424942441347,0.776391025270696,0.215332127032581,0.469168401018121
45,0,205,warehouse,tier,-0.144777299367225,0.622529341098407,0.155632335274602,0.331722470295456
45,1,203,box,tear,-0.38184386584009,0.558134081583674,0.161119431123119,0.354621476904393
45,1,204,stack,tear,-0.698845274229794,0.425980181480251,0.080502687402779,0.165177870671695
45,1,205,warehouse,tear,-0.7301501425976,0.201369204028971,0.071194764845512,0.168348867540142
46,0,206,candidate,poll,1.66044967559982,0.283257105243855,0.100146509968601,0.236808866184132
46,0,207,conduct,poll,0.95938178290662,0.526643125792541,0.158788876970345,0.353803666040895
46,0,208,political,poll,1.39357738674503,0.576712247058707,0.108988370268756,0.223625664058886
46,0,209,pollster,poll,1.34707142184641,0.857466964080615,0.178794221588568,0.370796520849396
46,0,210,popularity,poll,1.12489298030111,0.982263461653987,0.283555037000532,0.624100428507405
46,1,206,candidate,pole,-0.525938003297062,0.973626461944452,0.293559423657363,0.654091157217668
46,1,207,conduct,pole,-0.18531999646156,0.881492172171416,0.244481940437244,0.532680388446607
46,1,208,political,pole,-0.297399899251824,1.05568856459064,0.220126282472371,0.456513968757284
46,1,209,pollster,pole,-0.551685412458166,1.00657430556436,0.318306743978567,0.720059880858089
46,1,210,popularity,pole,-0.084685471998395,0.928433790865683,0.232108447716421,0.49472744540575
47,0,211,alone,bore,-0.144997028332573,0.632264615476246,0.158066153869062,0.336910031832593
47,0,212,man,bore,-0.577792416299145,0.346798577427194,0.096184619474747,0.20956828292824
47,0,213,old,bore,-0.079101842967128,0.74814765912272,0.236585062895104,0.535192594639224
47,0,214,tear,bore,-0.60450352003924,0.634786200732544,0.191395240902279,0.426455172339641
47,0,215,time,bore,-0.237938628258902,0.682800904823696,0.142373830586954,0.295265252828613
47,1,211,alone,board,-0.728703676999275,0.463427553831965,0.163846382951638,0.387435130663202
47,1,212,man,board,-0.042517868680529,0.696619100045706,0.131648635518469,0.270120687809784
47,1,213,old,board,-0.288635892475087,0.703310974020988,0.203028390087518,0.446862473659923
47,1,214,tear,board,-0.865109391319632,0.300694878769628,0.083397754128717,0.181708096661082
47,1,215,time,board,-0.045769822945025,0.872775814393288,0.275995946019116,0.62434620619041
48,0,216,country,greece,1.61726280252036,0.929038039326035,0.268190181046144,0.590282608564853
48,0,217,europe,greece,1.34658711117235,0.503832485578128,0.159325821361082,0.360420048010679
48,0,218,portion,greece,-0.587085071824229,0.425160003686588,0.150316760848042,0.355442658122153
48,0,219,southern,greece,0.565019210168354,0.840616903319962,0.158861662432989,0.325957206878796
48,1,216,country,grease,-0.793462080007332,0.390778786184023,0.097694696546006,0.208231316556584
48,1,217,europe,grease,-0.571703577905549,0.396918299812582,0.114580443621541,0.252189856047729
48,1,218,portion,grease,-0.197962811569149,0.575360711521417,0.173477781748041,0.386532585469206
48,1,219,southern,grease,0.374540943857204,0.797704135129489,0.166332810327431,0.344953135646848
49,0,220,angle,sine,1.19120099339024,0.551587896513579,0.16631000833063,0.370561791035637
49,0,221,function,sine,0.911291434572067,1.17630198545528,0.294075496363819,0.626807083084927
49,0,222,function,sine,0.54565196148864,1.0991260135971,0.229183616700088,0.475297730279151
49,0,223,mathematics,sine,1.59004679336064,0.799240333496689,0.221669384910866,0.482976099788237
49,1,220,angle,sign,-0.07164121877851,0.601641931576463,0.166865448751395,0.363568580567719
49,1,221,function,sign,0.19620525755338,0.939632622756421,0.332210299687583,0.785552531270166
49,1,222,function,sign,0.4762792350899,1.00098218343781,0.316538359691197,0.716059517675835
49,1,223,mathematics,sign,0.660708768471901,0.934488030205243,0.176601637934978,0.36235662997539
50,0,224,high,principal,0.451478239970654,0.769110343872561,0.145348192903869,0.298229857715422
50,0,225,local,principal,-0.235525746986563,0.776409300045433,0.22413005919128,0.493306934210467
50,0,226,school,principal,1.76661042421187,0.269101438379821,0.095141725952713,0.224974432526179
50,1,224,high,principle,0.411359269806399,0.835327648640103,0.174177855201865,0.361222762928435
50,1,225,local,principle,-0.400028315865126,0.521662277388984,0.130415569347246,0.277974206019107
50,1,226,school,principle,0.333891892149103,1.1695397903002,0.352629514710609,0.785707522083774
51,0,227,bought,cd,0.596221205948439,0.751342794095777,0.237595453289757,0.537478256507709
51,0,228,classical,cd,1.17117681773181,0.605558472242375,0.126267670016916,0.261863120195075
51,0,229,music,cd,1.36173721777846,0.442147178023609,0.133312390147162,0.297038515938044
51,0,230,new,cd,0.399664402945214,0.815010677694512,0.226043291421401,0.492506023409158
51,0,231,today,cd,-0.785882364111073,0.333760059844814,0.083440014961204,0.177848181970558
51,1,227,bought,seedy,-0.730696099778969,0.269964326490823,0.077931988285536,0.171527149712901
51,1,228,classical,seedy,-0.60173551719832,0.377428606780962,0.119353405153191,0.269996160371647
51,1,229,music,seedy,-0.498784399714115,0.671056601160582,0.186117614171005,0.405515445582841
51,1,230,new,seedy,-0.552774730140536,0.676766679102753,0.127896880608638,0.26242272259544
51,1,231,today,seedy,-0.821675049134907,0.246327406056011,0.087089889607149,0.205934865033602
52,0,232,field,hare,0.780246842480845,0.930886368369426,0.294372116684991,0.665915992287021
52,0,233,ran,hare,0.712039380185827,0.79757454102125,0.230239937978706,0.50675468675155
52,0,234,rapidly,hare,0.50264459001043,0.976361917560572,0.18451505881853,0.378593628434015
52,0,235,through,hare,-0.909208080442562,0.202268882079974,0.071512849070886,0.169101017213512
52,1,232,field,hair,-0.624687614571513,0.458297476560146,0.132299085730463,0.291188324386441
52,1,233,ran,hair,-0.711861421151457,0.490028556719689,0.122507139179922,0.261117786132873
52,1,234,rapidly,hair,-0.553630561815109,0.508553177660999,0.106040667856847,0.21991488517087
52,1,235,through,hair,-0.628415489434781,0.515626721822714,0.155467306196991,0.346402745151162
53,0,236,cabin,knotty,-0.339950519232175,0.742222456011047,0.20585547099605,0.448520541263383
53,0,237,made,knotty,-0.245517529954399,0.781846861675336,0.195461715418834,0.416616784503808
53,0,238,pine,knotty,0.98902241501959,0.886884512836813,0.184928204530462,0.383517622871573
53,1,236,cabin,naughty,-0.697300115383507,0.510488338663538,0.09647322795016,0.197946713131497
53,1,237,made,naughty,-0.939699893131526,0.411061783869692,0.145332287430449,0.343656251397493
53,1,238,pine,naughty,-0.898306565899094,0.179749071878783,0.056841647443828,0.128584739910305
54,0,239,between,taut,-0.140223120048216,0.779244334290963,0.147263337077855,0.302159408975065
54,0,240,clothesline,taut,0.503493651706073,0.872975357589164,0.263211973849963,0.586472825243098
54,0,241,hang,taut,-0.118995992265672,0.757115219088466,0.218560337774144,0.481048060025507
54,0,242,pole,taut,-0.644894431199731,0.47743190934528,0.150977226117411,0.341534213480906
54,0,243,two,taut,-0.819938630974231,0.394199590804778,0.13937060189951,0.329559105210666
54,1,239,between,teach,-0.687696440435206,0.437825426306345,0.091292912225557,0.189329911955108
54,1,240,clothesline,teach,-0.867978311245919,0.378028599664093,0.104846269206211,0.228440396489236
54,1,241,hang,teach,-0.547337118780227,0.559741573478209,0.139935393369552,0.298265230605261
54,1,242,pole,teach,-0.441255113934532,0.623087104317506,0.179869753703148,0.395890658649968
54,1,243,two,teach,-0.239264401994546,0.792037718078372,0.238808357334114,0.53209817915516
55,0,244,german,marx,1.04614487726045,0.850463915540057,0.212615978885014,0.453180231573211
55,0,245,karl,marx,1.60460477684671,0.711791884740635,0.197415549068578,0.430131531086418
55,0,246,philosopher,marx,1.17682931291877,0.666412504145212,0.138956612822147,0.288178376939017
55,1,244,german,mark,-0.345539742773012,0.804625943803249,0.284478230590952,0.672684123105569
55,1,245,karl,mark,0.142198544792298,0.990912187522926,0.187264801377762,0.38423563412951
55,1,246,philosopher,mark,-0.737321519840565,0.349380885961514,0.110483937056593,0.249932029586718
56,0,247,today,hi,-0.412658158509577,0.649101815319742,0.195711561104923,0.436072533080764
56,1,247,today,high,-0.184066612748708,0.679633173056936,0.188496327227929,0.410698216109363
57,0,248,bad,daze,-0.412787117458235,0.520751189197663,0.098412724397012,0.201926231127752
57,0,249,learning,daze,-0.567639598064149,0.555504173607399,0.160360242084096,0.352950513095798
57,0,250,new,daze,-0.871478795210295,0.183027848643821,0.064710116461016,0.153015110707111
57,1,248,bad,day,0.215850480322923,0.845517664275446,0.176302620341301,0.365629256126733
57,1,249,learning,day,0.032893290317993,0.878156860447359,0.21953921511184,0.467936760282681
57,1,250,new,day,0.358097278276772,0.587514245435508,0.17714221009985,0.394697440650191
58,0,251,essay,prose,1.28408001019312,0.694628368866413,0.192655246256905,0.419759722247244
58,0,252,novel,prose,1.27693587846647,0.891575320213586,0.281940871746889,0.637794562507796
58,0,253,written,prose,1.43926719118499,1.05704639827681,0.264261599569201,0.563260266310674
58,1,251,essay,pro,-0.572685127090723,0.488403223325527,0.09229953346012,0.189382999410368
58,1,252,novel,pro,-0.375243220221992,0.810000916535718,0.23382712360287,0.51465002907683
58,1,253,written,pro,0.08510842557606,0.659671503244677,0.233229096649917,0.551499178115472
59,0,254,airport,plane,1.64764439882315,0.350903180131071,0.105801289657932,0.235739964077092
59,0,255,land,plane,1.14161845243749,0.572118173753993,0.119294885771718,0.247402450740652
59,1,254,airport,plain,-0.663126969969225,0.587761203585237,0.163015627481154,0.355180540592192
59,1,255,land,plain,0.761673583101659,0.937833160451434,0.296568885226068,0.670885427977228
60,0,256,beaver,dam,2.04340949234351,0.452434167608814,0.130606494229767,0.287462955611311
60,0,257,building,dam,0.360377157136515,0.890387152481917,0.168267355431007,0.345256094800775
60,0,258,log,dam,0.959252920297831,1.16287491990237,0.411138370767366,0.97218776227686
60,0,259,stick,dam,0.106371409594604,0.664556232833734,0.210151132901577,0.47539489056346
60,1,256,beaver,damn,0.245460151866032,1.03848767277813,0.259621918194533,0.553371019553095
60,1,257,building,damn,-0.391431554776257,0.771588705540978,0.160887366828934,0.333659977032521
60,1,258,log,damn,-0.811315360804819,0.7202298356426,0.217157466149622,0.483856987326867
60,1,259,stick,damn,-0.639296094680372,0.444495941889798,0.128314925851886,0.282419247618259
61,0,260,computer,hertz,0.178559042959391,1.04368285532174,0.289465542321938,0.630691237357621
61,0,261,mega,hertz,0.919814829772108,0.825067493195975,0.248767209240923,0.5542878840099
61,0,262,process,hertz,0.248382261012054,0.788679051821882,0.197169762955471,0.420257401649566
61,0,263,speed,hertz,0.556962039754035,0.891734729628752,0.185939544642883,0.385615013893214
61,1,260,computer,hurt,-0.791644591004511,0.372590306873631,0.070412949492919,0.144475438524956
61,1,261,mega,hurt,-0.793984972734586,0.23701855821855,0.065737120376425,0.143228881261534
61,1,262,process,hurt,-0.618687874638788,0.276778210238843,0.097855874672281,0.2313923744109
61,1,263,speed,hurt,0.664450928168503,0.615646510970303,0.1946845208202,0.440406983259351
62,0,264,leading,role,1.41679324990746,0.589489356557909,0.111403016997979,0.228580109904426
62,0,265,play,role,1.31021982956755,1.05126032121628,0.303472714721295,0.667938941594294
62,0,266,show,role,1.38303210578534,0.426542013505497,0.134884428043167,0.305129775047789
62,0,267,television,role,0.857585814622148,0.926502588610886,0.327568131596824,0.774575548022786
62,1,264,leading,roll,-0.301160250656282,0.853258464576919,0.177916688780495,0.368976629192532
62,1,265,play,roll,0.311130584487625,0.90988401955364,0.22747100488841,0.484842969997427
62,1,266,show,roll,-0.434346294250957,0.560050068361822,0.161672528864183,0.355838836824554
62,1,267,television,roll,-0.420373182129671,0.881885574723137,0.265898505398507,0.592458790563495
63,0,268,before,collar,-0.896047541828856,0.269285504507859,0.05614990918652,0.116447784427181
63,0,269,dog,collar,1.35516188166286,0.669064640308621,0.167266160077155,0.356519380883981
63,0,270,put,collar,-0.251253639086736,0.754120426878309,0.209155374383426,0.455710413100461
63,0,271,walking,collar,0.326433233432516,0.660841469367228,0.199251199981658,0.443959339984019
63,1,268,before,caller,-0.259174685978653,0.911982470358678,0.288394179248042,0.652392958295267
63,1,269,dog,caller,0.013824800507994,0.988673593669698,0.349548901231958,0.826551808970699
63,1,270,put,caller,-0.71143515258152,0.336651482175391,0.063621150024098,0.130539817113016
63,1,271,walking,caller,-0.668622349874287,0.411010951302724,0.113993927669169,0.248371432109745
64,0,272,boy,steal,-0.484018354033287,0.526411497383024,0.099482422097186,0.20412106951238
64,0,273,candy,steal,-0.07237537618486,0.764571860444688,0.212054080508478,0.46202615119516
64,0,274,decide,steal,-0.128716298903818,0.693917210386528,0.173479302596632,0.369762380683618
64,0,275,friend,steal,-0.603650855865145,0.396675563782648,0.125439827368457,0.283764603981724
64,0,276,little,steal,-0.58377439257709,0.239438245118901,0.069119867636845,0.152131802936193
64,0,277,want,steal,0.547193413195806,0.396701397660212,0.140255124195859,0.331650668083685
64,1,272,boy,steel,-0.673197295101216,0.572078375000783,0.119286587158012,0.247385240469187
64,1,273,candy,steel,-0.823749319778029,0.305056870475619,0.057650329643581,0.118288705647847
64,1,274,decide,steel,-0.561463092584531,0.519237563474317,0.183578201089735,0.434093466360564
64,1,275,friend,steel,-0.622295912950623,0.275030511941449,0.079394470052378,0.174746050378624
64,1,276,little,steel,-0.745469692703728,0.293240077630616,0.073310019407654,0.156256607551422
64,1,277,want,steel,-0.909853097244372,0.331547587874008,0.099965359011406,0.222736700266071
65,0,278,hair,dye,1.36903888833255,0.342857811788189,0.103375519831247,0.230335012080278
65,0,279,people,dye,-0.51660530622155,0.424160785995678,0.088443637757877,0.183420878373521
65,1,278,hair,die,-0.421547725359185,0.77064304445725,0.213737923990022,0.465694930975899
65,1,279,people,die,0.711971214359944,0.796762258541635,0.251958349065151,0.569969384064543
66,0,280,belt,waist,1.74231054246043,0.338707561922011,0.107108735639607,0.242296793525397
66,0,281,look,waist,-0.188178647677657,0.787665693461725,0.148854824368354,0.305424871164302
66,0,282,small,waist,0.523567311902234,0.83658813958694,0.241502193795684,0.531542744673876
66,0,283,tiny,waist,0.441326168415236,0.804065811046255,0.284280193755534,0.672215840401832
66,1,280,belt,waste,-0.472295703585056,0.762438513679948,0.220097040556828,0.484430320045666
66,1,281,look,waste,-0.690854503667474,0.49209049753682,0.102607961756944,0.212795888440253
66,1,282,small,waste,-0.340515838370061,0.500382355430007,0.125095588857502,0.266634936021855
66,1,283,tiny,waste,-0.873368975886021,0.19636196923708,0.059205361368609,0.131917765911286
67,0,284,hurting,foot,0.300155521830414,0.708996830985845,0.147836058781336,0.30659322077169
67,0,285,new,foot,-0.805232044786804,0.168560243291469,0.046750200014775,0.101859935581701
67,0,286,shoe,foot,1.58550170537397,0.70106834568882,0.175267086422205,0.373572951706194
67,1,284,hurting,feat,-0.391604978372473,0.703348182318196,0.222418224426487,0.503144979523235
67,1,285,new,feat,-0.1594655874989,0.657459181386473,0.124248106508908,0.25493605654987
67,1,286,shoe,feat,-0.966995576977254,0.306734724646164,0.108447101911345,0.256436647194521
68,0,287,class,aloud,-0.076447875646036,0.772636634047072,0.273168301663917,0.645940390880911
68,0,288,poem,aloud,0.454641639162645,0.560507534117791,0.105925967375266,0.217342132348266
68,0,289,read,aloud,1.21867042614304,0.712820058481787,0.205773426324112,0.452904257680581
68,0,290,student,aloud,-0.186477324573278,0.619856350339043,0.18689372163579,0.416425162369012
68,1,287,class,allow,-0.370615666910936,0.590381970383198,0.178006861704708,0.396624004484407
68,1,288,poem,allow,-0.742848919110281,0.37290444154057,0.077755951127113,0.161255972911781
68,1,289,read,allow,-0.486211025988048,0.413656465030316,0.103414116257579,0.220421971101683
68,1,290,student,allow,-0.32884152900711,0.777452592170219,0.215626552716317,0.469809899475228
69,0,291,clean,pail,0.288977037577935,0.877428819685665,0.182956556213547,0.379428674527744
69,0,292,fill,pail,1.0521233199622,0.666865827845705,0.184955302780956,0.402982986614134
69,0,293,floor,pail,0.358538965912373,0.908549744320627,0.273938055025896,0.610372023440752
69,0,294,water,pail,1.14767009776416,0.570887960409586,0.142721990102397,0.30420472094514
69,0,295,worker,pail,0.201748996290237,0.620505951898827,0.196221210969117,0.443883217886727
69,1,291,clean,pale,-0.349255067633114,0.570254644880254,0.180330352411208,0.407935598376939
69,1,292,fill,pale,-0.280111861863352,0.87260369916618,0.164906598650624,0.338360391480316
69,1,293,floor,pale,-0.56131447304107,0.415816302780983,0.11532669237313,0.251275276945662
69,1,294,water,pale,-0.165235526086258,0.911283129618128,0.322187240266939,0.761851761888955
69,1,295,worker,pale,-0.476089460993053,0.447034509999126,0.129047747342524,0.284032176844151
70,0,296,huge,manor,0.890780293929846,0.886103583761508,0.245760915894194,0.535467036581038
70,0,297,live,manor,0.386300284728262,1.02503571973192,0.324144755738287,0.733266380976841
70,0,298,people,manor,0.31579889328267,0.547299951021908,0.193499753355328,0.457554209461231
70,0,299,those,manor,-0.598610377930611,0.339484077259045,0.098000611695551,0.21569789202181
70,0,300,wealthy,manor,1.24495231179182,0.808268286689913,0.152748348514412,0.313413722823836
70,1,296,huge,manner,-0.388144891384882,0.769967940547022,0.145510263441428,0.298562398990207
70,1,297,live,manner,-0.082752990532553,0.671276202830188,0.193780748202299,0.426508551104715
70,1,298,people,manner,0.318376524983918,0.647901207488594,0.195349564223443,0.43526595376484
70,1,299,those,manner,-0.664934083153729,0.415260632049182,0.103815158012296,0.221276771367524
70,1,300,wealthy,manner,0.142617684724405,0.884699231166683,0.184472541803466,0.382572636214007
71,0,301,copy,cache,0.335958657361964,0.914839906930567,0.228709976732642,0.487483775971776
71,0,302,database,cache,1.24354521924147,0.713173588382744,0.134777139748592,0.276539848260089
71,0,303,page,cache,0.197712130636077,0.853713007191186,0.257404156681741,0.573532202165349
71,0,304,store,cache,0.708572022380054,1.0075474996764,0.290853910079753,0.640165139840164
71,0,305,web,cache,0.947860905883493,0.80189488652835,0.167206642399823,0.346765352447653
71,1,301,copy,cash,-0.409417580870067,0.426702887460467,0.150862252637588,0.356732541236759
71,1,302,database,cash,-0.333104376994235,0.763002551331764,0.159097029914996,0.329947045524231
71,1,303,page,cash,-0.881949542602217,0.256929131842351,0.071259319924465,0.155260720484786
71,1,304,store,cash,0.691846442557002,0.709568367358161,0.17739209183954,0.378102293537286
71,1,305,web,cash,-0.349216665163546,0.58027924453563,0.183500409165441,0.415106764970003
72,0,306,end,reign,0.119977062469213,0.770096497376114,0.192524124344028,0.410355457342373
72,0,307,france,reign,0.330303888942925,0.696322424271155,0.193125092689619,0.420783429682814
72,0,308,louis,reign,0.443736452091216,0.935015374536913,0.330577855924365,0.781692415158299
72,1,306,end,rain,-0.384778413220962,0.551951247242137,0.195144234904644,0.46144279041404
72,1,307,france,rain,-0.16209715755146,0.642301637950872,0.121383600050532,0.24905857478392
72,1,308,louis,rain,-0.901060207584626,0.562657381542609,0.169647583645516,0.377998372266165
73,0,309,chicken,thyme,0.790600880920379,0.656057399610097,0.123983194653717,0.254392502321212
73,0,310,creamy,thyme,-0.505595912271628,0.499868515584796,0.176730208535831,0.417900537092877
73,0,311,favorite,thyme,-0.481272368322712,0.72693313927848,0.219178588241989,0.488360327985478
73,0,312,flavor,thyme,0.787410791250026,0.693660201527454,0.192386724950455,0.419174664579713
73,0,313,meal,thyme,0.748377180355409,0.674918730370493,0.194832255330262,0.428822902689092
73,0,314,one,thyme,-0.817649311930047,0.38972459865003,0.08126319633114,0.168529554282948
73,0,315,sauce,thyme,0.894330694038718,0.602974662810097,0.190677330585193,0.431342089166536
73,1,309,chicken,time,-0.568731071816946,0.607648469310935,0.126703464531048,0.262766902701073
73,1,310,creamy,time,-0.78052214974286,0.56212428134673,0.169486847888662,0.377640230681415
73,1,311,favorite,time,-0.035406858482555,1.09965053344841,0.304988183341505,0.664512166761371
73,1,312,flavor,time,-0.683657821819545,0.387006525705928,0.073137358769787,0.150065464618615
73,1,313,meal,time,0.37287072808796,0.76989520305594,0.192473800763985,0.410248195170559
73,1,314,one,time,0.136981949220995,0.644513587189121,0.203813091844314,0.461057245587663
73,1,315,sauce,time,-0.681535218475917,0.489320957627113,0.14125479330307,0.310899703851868
74,0,316,opening,pore,1.31386513502471,0.444090478208777,0.13389831719891,0.298344042766474
74,0,317,skin,pore,1.75334416180791,0.605946753093537,0.114513172602326,0.234961622084426
74,0,318,small,pore,0.761796412072259,0.604522042534432,0.126051559483653,0.26141493438045
74,0,319,surface,pore,0.259398366424172,0.724348028139401,0.209101264516629,0.460228780157497
74,0,320,very,pore,-0.388932126512045,0.704284009103162,0.176071002275791,0.375286457786988
74,1,316,opening,poor,-0.866198013404969,0.212499604259977,0.058936786090396,0.128412225673108
74,1,317,skin,poor,0.080568282689935,0.738290477207227,0.153944206258783,0.319260743319953
74,1,318,small,poor,0.068243185977779,0.940062877589414,0.29727398369546,0.672480471530243
74,1,319,surface,poor,-0.37589696234453,0.492189354103011,0.123047338525753,0.262269193783055
74,1,320,very,poor,-0.060842393338452,0.900576015393777,0.31840170372945,0.752900390387119
75,0,321,cover,gilt,0.076027429983691,0.847070418662619,0.299484618589433,0.708168592095588
75,0,322,frame,gilt,0.620316092976432,0.867927533406321,0.274462784953585,0.620877954904296
75,1,321,cover,guilt,0.215459598630176,0.807421524179438,0.24344674939637,0.542433160719817
75,1,322,frame,guilt,0.235668047622973,0.872548397215442,0.251883026006656,0.554390802319626
76,0,323,british,heir,0.749438693248171,0.708269809318084,0.147684464284276,0.306278833026995
76,0,324,prince,heir,1.44789110397171,0.725195913908655,0.201133157873433,0.438231504846119
76,0,325,throne,heir,1.50590325260022,0.317267747247706,0.095659825063814,0.213143372798894
76,0,326,william,heir,0.69689323734099,1.00366554206466,0.250916385516166,0.534815615881932
76,1,323,british,err,-0.570791774427102,0.485684894535983,0.153587049187238,0.34743804343195
76,1,324,prince,err,-0.709840827300464,0.47758714389067,0.09025548657831,0.185188961641152
76,1,325,throne,err,-0.625794569156995,0.39891954538915,0.11064037505272,0.241064668644061
76,1,326,william,err,-0.963003701747602,0.211834696781758,0.074894875292489,0.177098238436636
77,0,327,daughter,son,1.77738216390489,0.621592010900239,0.179438157409687,0.394940721612908
77,1,327,daughter,sun,-0.514973548036949,0.739867510846754,0.184966877711688,0.394247567442189
78,0,328,c,c,1.74458083125762,1.26418385798487,0.446956489323836,1.05688415406191
78,0,329,called,c,-0.455407215766891,0.715061637612801,0.198322415348477,0.432107422971855
78,0,330,high,c,-0.082897492803822,1.01986542087134,0.254966355217835,0.543447921962086
78,0,331,sometimes,c,-0.853921280725646,0.526544969594538,0.166508139442285,0.376667580303566
78,0,332,soprano,c,0.817115257360575,0.889234532815372,0.168049530788584,0.34480915555221
78,1,328,c,sea,-0.622603830543707,0.913342867461012,0.27538323602868,0.613592087381208
78,1,329,called,sea,-0.58195548759316,0.465887207160728,0.088044406368122,0.180652199791505
78,1,330,high,sea,0.53492798339533,0.974061189528698,0.344382636203189,0.814335533393515
78,1,331,sometimes,sea,-0.811835242888445,0.286072209610496,0.082581933613146,0.181761610374206
78,1,332,soprano,sea,-0.749050902036944,0.596579197961891,0.124395361901663,0.257980190820034
79,0,333,bulb,watt,1.86265221002862,0.326120108486997,0.103128233360012,0.233292271782075
79,0,334,desk,watt,-0.746175994953701,0.275142508962212,0.057371179038449,0.118980543081739
79,0,335,lamp,watt,1.26595521378393,0.353572887124367,0.10660623660311,0.23753349763943
79,0,336,light,watt,1.55840501397235,0.486593519577617,0.172036788687381,0.406802362696325
79,0,337,use,watt,-0.168693053899143,0.870778552135487,0.251372115739988,0.553266296404551
79,1,333,bulb,what,-0.792935521439807,0.173751990537324,0.050157879254479,0.110396747900776
79,1,334,desk,what,-0.725932313981326,0.587361897084118,0.185740140558323,0.420173389383155
79,1,335,lamp,what,-0.963476309045807,0.242527830789486,0.067265117664504,0.146558101356496
79,1,336,light,what,-0.91282493926799,0.226882925711727,0.06840777599308,0.152422023468155
79,1,337,use,what,-0.335029209500105,0.555777543623647,0.138944385905912,0.296152948197238
80,0,338,beard,razor,1.41977191894054,0.609997127680501,0.127193193654798,0.263782538741387
80,0,339,shave,razor,1.80951633485795,0.440532433162113,0.110133108290528,0.234743163616932
80,0,340,use,razor,0.249439540804206,0.72913093551763,0.202224536502757,0.440609414605716
80,1,338,beard,raiser,-0.654193382617067,0.465895770019318,0.147329178549903,0.333281756545839
80,1,339,shave,raiser,0.343061940236266,1.14168942217743,0.403648166215305,0.954476242943665
80,1,340,use,raiser,-0.579624430848461,0.682224213706109,0.128928257703782,0.264538933593254
81,0,341,business,profit,1.31094528445956,0.517820859271559,0.156128863529381,0.347876786746276
81,0,342,last,profit,0.001496075277508,0.937270082422402,0.296390824318854,0.670482626220559
81,0,343,make,profit,0.993231668960084,0.592089159071838,0.170921417687192,0.376195503871335
81,0,344,million,profit,0.923508338515671,0.88750969315987,0.313782061201068,0.741976671630817
81,0,345,year,profit,0.370658642042125,0.681446359324456,0.188999214617122,0.411793913604815
81,1,341,business,prophet,-0.513638141823349,0.791511809325545,0.219525877973733,0.478305799373132
81,1,342,last,prophet,-0.273388709816024,0.856921217835168,0.247371847895718,0.544461766242922
81,1,343,make,prophet,0.046192758990298,0.899245982792753,0.224811495698188,0.479174360342517
81,1,344,million,prophet,-0.796865907163347,0.346066774403312,0.104343058464032,0.232490822498785
81,1,345,year,prophet,-0.176605791139114,0.657676874900709,0.124289246716101,0.255020469282443
82,0,346,apple,pie,1.62313450577717,0.399196025469584,0.099799006367396,0.212716546769103
82,0,347,dessert,pie,1.58952195138686,0.380496745416964,0.079339055921242,0.164539131307996
82,1,346,apple,pi,-0.155601557285693,1.23925119702971,0.438141462506626,1.0360399278715
82,1,347,dessert,pi,-0.977045746381195,0.304956412243633,0.096435684976314,0.21815267551852
83,0,348,company,need,-0.069653749608277,0.839932747320556,0.253249251999516,0.564274497616584
83,0,349,computer,need,-0.335250931429922,0.731314308650314,0.211112256480742,0.464654943627573
83,0,350,programmer,need,-0.213229129793482,0.682411713383613,0.128963691812181,0.264611638378191
83,1,348,company,knead,-0.807693537655598,0.34037908542269,0.094404172737465,0.20568902273451
83,1,349,computer,knead,-0.678141091784575,0.792344726490217,0.198086181622554,0.422210701801064
83,1,350,programmer,knead,-0.883813115415919,0.272072645419018,0.056731068240505,0.117653034537408
84,0,351,car,or,-0.945111365927718,0.22665792038085,0.06286359645563,0.13696801047655
84,0,352,care,or,-0.892304080881294,0.360161311162785,0.113893006834703,0.257643881203748
84,0,353,problem,or,-0.611411144898185,0.466616614588077,0.116654153647019,0.2486424427786
84,0,354,take,or,-0.602058824085577,0.465363198680642,0.164530736750872,0.389053370253541
84,1,351,car,oar,-0.605782898798345,0.574946894930358,0.108654750075322,0.222941131965084
84,1,352,care,oar,-0.671890882022154,0.454478535653326,0.131196652450177,0.288761885096541
84,1,353,problem,oar,-0.787937639132293,0.237299015562321,0.083897871536504,0.198386941692235
84,1,354,take,oar,-0.797577882480123,0.330096101932916,0.099527719533672,0.221761578742568
85,0,355,cheek,tear,0.637431756509806,0.945558094212917,0.272959110114128,0.600778950673016
85,0,356,down,tear,0.963342847748347,0.432174491846219,0.130305512128765,0.29033877420207
85,0,357,movie,tear,0.687253131905242,0.676668250379886,0.213981289152154,0.484059305960338
85,0,358,run,tear,-0.045253490230975,0.836005180805359,0.174319130424308,0.361515749807422
85,0,359,sad,tear,1.51235813538621,1.08111720528463,0.382232653557105,0.903836602351794
85,0,360,watch,tear,-0.641010071406434,0.49020430156452,0.092639905253845,0.190081384643682
85,1,355,cheek,tier,-0.813012721789439,0.319573419734657,0.079893354933664,0.170288655066604
85,1,356,down,tier,0.065246558221518,0.645590419255475,0.17905456612107,0.390126385875087
85,1,357,movie,tier,-0.426850740637108,0.596004710837536,0.172051740120168,0.378683326772434
85,1,358,run,tier,-0.648985232284013,0.426004027160175,0.134714301823039,0.304744922800346
85,1,359,sad,tier,-1.0432461869947,0.281956607861901,0.085013115949027,0.189421026574441
85,1,360,watch,tier,-0.64905983784821,0.568091662710545,0.118455300180799,0.245661256795445
86,0,361,flag,pole,1.2396140554421,0.745454184193693,0.186363546048423,0.39722449553382
86,0,362,raise,pole,0.62578963017423,0.825494443556069,0.228950964911694,0.49884129971429
86,0,363,up,pole,0.766225090563923,0.598529540199741,0.124802036370599,0.258823582048565
86,1,361,flag,poll,0.496956289965143,1.28832873809614,0.455492993552645,1.07706977898518
86,1,362,raise,poll,-0.25854836829672,0.671837699822231,0.12696539108052,0.260511463955866
86,1,363,up,poll,-0.012527486184469,0.948303255832912,0.299879820098536,0.678375283014539
87,0,364,company,board,0.776604950804146,0.871208513332905,0.251496234846523,0.553539480716119
87,0,365,director,board,1.45358431472702,0.545303569347166,0.103052688109176,0.211446650267733
87,0,366,meeting,board,1.04516976835005,0.385572010656816,0.116254335364688,0.259030801337904
87,1,364,company,bore,-0.558384397451808,0.367578843511322,0.09189471087783,0.195868939739899
87,1,365,director,bore,-0.468827325575231,0.610997762714568,0.127401840482612,0.264215245778294
87,1,366,meeting,bore,0.316592859387636,0.890978593265878,0.247113000258531,0.538412975340848
88,0,367,much,grease,-0.514129830511972,0.522260678853568,0.184647033782224,0.436620854066119
88,0,368,plate,grease,0.462259010707738,0.679321193667798,0.214820223481459,0.485957107262494
88,1,367,much,greece,-0.891404845441757,0.311649968432302,0.093966001019641,0.209369297637644
88,1,368,plate,greece,-0.527160722041039,0.38013052971579,0.109734231829303,0.241523415810352
89,0,369,boutique,sign,0.668128703089459,0.734353724618206,0.153123336599396,0.317558363841089
89,0,370,clothe,sign,-0.529080972781708,0.492804876736058,0.123201219184014,0.262597182642178
89,0,371,store,sign,1.0376666611044,0.656730887323294,0.1821443760327,0.396858503351779
89,1,369,boutique,sine,-0.56239893323289,0.478581349746653,0.151340711087707,0.34235647361003
89,1,370,clothe,sine,-0.615439022793923,0.682765255646333,0.241393971113044,0.570806038282192
89,1,371,store,sine,-0.843161675703568,0.334646965029447,0.063242331890746,0.129762546506807
90,0,372,believe,principle,0.925094978585257,0.670961609489078,0.202302537037112,0.450758142627782
90,0,373,physics,principle,1.0972479645796,0.76285145126235,0.220216245369007,0.484692688068284
90,1,372,believe,principal,-0.111001090003292,0.793094530224884,0.219964845770449,0.479262228040428
90,1,373,physics,principal,0.150078260725792,0.763822180419917,0.190955545104979,0.407012109836127
91,0,374,bar,seedy,0.733705627719276,0.889837141693856,0.168163413162178,0.345042822881638
91,0,375,drunk,seedy,0.679340802910194,1.23808859049145,0.391517989102046,0.885675223411544
91,0,376,full,seedy,-0.377147122815943,0.749843831034186,0.265109828877586,0.626885130699554
91,0,377,people,seedy,-0.037329124650713,0.666295256056287,0.166573814014072,0.355043680182452
91,0,378,unwashed,seedy,0.074602779460382,0.879959418405297,0.244056831029828,0.531754154615717
91,1,374,bar,cd,-0.244883307421765,0.710741697252562,0.148199888548549,0.307347757527214
91,1,375,drunk,cd,-0.797199357559795,0.399937733981591,0.11545207918668,0.254108312991608
91,1,376,full,cd,0.133524685226406,0.80536006201104,0.24282519516618,0.541048251590915
91,1,377,people,cd,-0.239061380229804,0.668948303356898,0.236508940783449,0.559254777095066
91,1,378,unwashed,cd,-0.843662976286842,0.344407310748828,0.065086863853853,0.133547213477333
92,0,379,head,hair,1.63435464204158,1.06293943655149,0.306844184912637,0.675359497453128
92,0,380,lot,hair,-0.416071726867637,0.464165221527418,0.139951080048967,0.311830438834545
92,0,381,people,hair,0.838443672938411,0.666361434308828,0.138945964025137,0.288156292685694
92,1,379,head,hare,-0.473363524520127,0.726112453855668,0.181528113463917,0.386918014948989
92,1,380,lot,hare,-0.817996500819195,0.361775693823773,0.100338524176783,0.218618863786249
92,1,381,people,hare,-0.462838887777725,0.714372439830172,0.225904400751493,0.511031258267627
93,0,382,boy,naughty,0.451369365636573,0.605340634884953,0.114398627027681,0.234726593978843
93,0,383,child,naughty,0.682242994723321,0.537795901574502,0.190139564448832,0.449608625282997
93,1,382,boy,knotty,-0.87277364946702,0.30268797613464,0.063114805985836,0.130892096320014
93,1,383,child,knotty,-0.901060207584626,0.562657381542609,0.169647583645516,0.377998372266165
94,0,384,college,teach,1.5579765341066,0.415447779181461,0.115224482316646,0.251052580363273
94,0,385,mathematics,teach,1.54849592563124,0.535978769941382,0.169491369051016,0.38341611453123
94,0,386,student,teach,1.51816481031699,0.706054545294284,0.176513636323571,0.376229909926979
94,1,384,college,taut,-0.779473800922541,0.404701891413802,0.076481468557028,0.156927011130537
94,1,385,mathematics,taut,-0.778077427096274,0.470942616726109,0.135949423269843,0.299222663139941
94,1,386,student,taut,-0.918368977013436,0.302761501929299,0.107042355548216,0.253114949876928
95,0,387,high,mark,0.380956240203835,0.938570883239859,0.19570555776979,0.405868485497904
95,0,388,school,mark,0.740300423711437,0.696209058681531,0.209914929390288,0.467719609786455
95,1,387,high,marx,-0.448955925209902,0.704886908511855,0.222904812373219,0.504245717932267
95,1,388,school,marx,0.017616419988198,0.75941932489897,0.210625024269345,0.45891250512702
96,0,389,feet,high,0.385803613960015,1.18378920602588,0.418532687538168,0.989672543037057
96,0,390,statue,high,0.231216464156564,0.5927702423063,0.171118029481571,0.376628243513062
96,0,391,ten,high,0.383360081145167,0.935609317726123,0.176813541358438,0.362791419886193
96,1,389,feet,hi,-1.02005310437571,0.264893730398662,0.07986846482272,0.177958029520002
96,1,390,statue,hi,-0.480319262693074,0.769128998062694,0.192282249515673,0.409839913349393
96,1,391,ten,hi,-0.492742952898448,0.76069526592468,0.158615927650275,0.32894930049452
97,0,392,seven,day,0.87926164338694,0.531897108111057,0.168200634248776,0.38049626955307
97,0,393,week,day,1.64810005920336,0.299908343255162,0.083179608426611,0.181232798006596
97,1,392,seven,daze,-0.702152041876567,0.359852653783013,0.103880513265112,0.228639468119214
97,1,393,week,daze,-0.583746366733306,0.655368633530135,0.123853030099497,0.2541254267167
98,0,394,con,pro,1.12276538667379,0.925704995985884,0.231426248996471,0.493273373254131
98,0,395,network,pro,0.233612917484429,0.71807554227185,0.216507922258792,0.482409713347638
98,0,396,site,pro,-0.290358496194332,0.726669220588521,0.209771335059299,0.461703595478128
98,0,397,social,pro,-0.186204688622774,0.616931395979243,0.128639088546025,0.266781141215323
98,1,394,con,prose,-0.075610411837827,1.19710181149348,0.423239404338871,1.00080215972938
98,1,395,network,prose,-0.567065520145023,0.637753231806956,0.176880921413296,0.38539042089865
98,1,396,site,prose,-0.540976113854544,0.430389583712137,0.107597395928034,0.229338420654224
98,1,397,social,prose,-0.108844177416427,0.910376663476872,0.287886378525154,0.651244233252712
99,0,398,beautiful,plain,0.161037787216039,0.858724557197938,0.271552548346502,0.614294542318146
99,0,399,feel,plain,-0.507432010677942,0.522696332585914,0.098780321944845,0.202680478994181
99,0,400,next,plain,-0.817683173905255,0.135218056456006,0.047806802329454,0.113045124179329
99,0,401,sister,plain,-0.442710190588612,0.478127695944015,0.132608763380431,0.288929674979588
99,1,398,beautiful,plane,-0.686565970306596,0.559620882091196,0.161548633459744,0.35556614487798
99,1,399,feel,plane,-0.718570286977479,0.379199729182403,0.07906860934107,0.16397825942907
99,1,400,next,plane,-0.25798051833799,0.697201372884466,0.210214123379858,0.468386255538898
99,1,401,sister,plane,-0.773128754514199,0.291379056938962,0.05506546585093,0.112985003237142
100,0,402,give,damn,0.316232418449366,0.899478690992264,0.224869672748066,0.479298361789041
100,1,402,give,dam,-0.615439022793923,0.682765255646333,0.241393971113044,0.570806038282192
101,0,403,fall,hurt,1.32271457321785,0.429533369881003,0.089563898938698,0.185744157865444
101,0,404,leg,hurt,0.176667866569725,0.751986913211974,0.217079923385004,0.477789689924225
101,0,405,now,hurt,-0.714526161540922,0.290703499928236,0.087650403136824,0.195297268621418
101,1,403,fall,hertz,-0.841812122232493,0.175911776611502,0.055628188133908,0.125839704240607
101,1,404,leg,hertz,-0.73474206550725,0.34100007932294,0.085250019830735,0.181706116027182
101,1,405,now,hertz,-0.702555276989702,0.37384560904096,0.10368611634648,0.225912640554081
102,0,406,buy,roll,-0.443427113435343,0.50498445574108,0.095433091846014,0.195812530131718
102,0,407,dress,roll,-0.777586858694332,0.292510804553827,0.081127900342004,0.176762510109122
102,0,408,make,roll,-0.05409581008413,0.784602395049652,0.248113062598012,0.561270741739892
102,0,409,silk,roll,0.600575380514626,0.607548638180691,0.21480088097911,0.507923372426698
102,1,406,buy,role,-0.678832048763985,0.328214087661765,0.06843736817407,0.141930414694437
102,1,407,dress,role,0.101847382208021,0.613297598959761,0.115902351894325,0.237811982548613
102,1,408,make,role,-0.557135921153756,0.64073013957034,0.184962859279421,0.407100508442124
102,1,409,silk,role,-0.921034871012368,0.260839488767346,0.078646064977219,0.175234352931578
103,0,410,bank,caller,0.215098483859369,0.680896920563896,0.141976822424647,0.294441908293068
103,0,411,phone,caller,1.62352944259189,0.665465138817837,0.166366284704459,0.354601341929788
103,1,410,bank,collar,-0.191166635871159,0.795951068963463,0.25170182839703,0.569389093997746
103,1,411,phone,collar,-0.728413724436924,0.33777120920274,0.119420156258419,0.282383797617657
104,0,412,make,steel,0.083866825504579,0.782846441476473,0.225988301860291,0.497396898748811
104,0,413,ship,steel,0.922511844558865,0.432357184767107,0.130360596116987,0.29046150897635
104,0,414,wood,steel,0.205852416743009,0.737908154413198,0.139451533355998,0.286130911709805
104,1,412,make,steal,-0.581205477902811,0.31558549963555,0.078896374908888,0.168163642445862
104,1,413,ship,steal,-0.442891221614658,0.633501088977201,0.175701589182275,0.382820876703261
104,1,414,wood,steal,-0.2881613251311,0.731792773139333,0.15258934130235,0.316450925376159
105,0,415,attack,die,0.800211967714973,0.409694709780693,0.102423677445173,0.218310900745076
105,0,416,heart,die,0.381083239180452,0.673339226422448,0.186750700511338,0.406894822223446
105,0,417,scared,die,1.05888186490163,0.532408456623988,0.168362336846676,0.380862066243153
105,0,418,very,die,-0.753637514649243,0.298399002314603,0.105499979017978,0.249467808928441
105,1,415,attack,dye,-0.78446480281094,0.650609808196261,0.230025303641027,0.543923411469567
105,1,416,heart,dye,-0.691277561250593,0.515327642741848,0.097387770458005,0.199823199357712
105,1,417,scared,dye,-0.705378127540803,0.473117863689474,0.136577362979769,0.300604749122922
105,1,418,very,dye,-0.981876870882112,0.238539703588256,0.071922426764076,0.160253153402175
106,0,419,deal,waste,-0.695763948289629,0.662468687574831,0.199741824731354,0.445052520050562
106,0,420,difficult,waste,-0.481865457711372,0.515311014095262,0.10744977416123,0.222837192785346
106,0,421,time,waste,0.448926775282542,0.670454435318594,0.193543524355285,0.425986424937816
106,1,419,deal,waist,-0.732995555544918,0.39082802612626,0.108396191391278,0.23617501249038
106,1,420,difficult,waist,-0.691925186648423,0.588864623592724,0.186215344405073,0.421248375168871
106,1,421,time,waist,-0.271579062080419,0.814440720210333,0.203610180052583,0.433984825744422
107,0,422,exam,feat,0.023258026751783,0.698761144056706,0.247049371696084,0.584178935653319
107,0,423,pass,feat,-0.068248093434359,0.744560784763607,0.140708762318257,0.28871053246077
107,0,424,real,feat,-0.345895832015443,0.508939697214881,0.12723492430372,0.271194821586497
107,0,425,study,feat,-0.347581392322538,0.633837550152376,0.175794906722221,0.383024198156528
107,0,426,without,feat,-0.676438119432567,0.4007000099625,0.126712468993366,0.286643519349188
107,1,422,exam,foot,0.086882273117077,0.863709002027973,0.260418062525373,0.580247602871773
107,1,423,pass,foot,-0.2247519266992,0.70468583385479,0.146937153740553,0.304729005817005
107,1,424,real,foot,-0.86179147173976,0.238044603530595,0.084161476690673,0.199010268832627
107,1,425,study,foot,-0.56874670625804,0.522957112382855,0.098829604694106,0.202781598843051
107,1,426,without,foot,-0.936703037669011,0.427419727946024,0.123385447493297,0.271569538904013
108,0,427,car,allow,-0.521836234305544,0.444050088896664,0.083917578919764,0.172184649296714
108,0,428,family,allow,-0.158089212712077,0.62446699822319,0.180268094762098,0.396767401409371
108,0,429,son,allow,-0.256707439272898,0.70431372235468,0.146859563129143,0.304568092737681
108,0,430,use,allow,0.790682998935275,0.498353497026911,0.150259232963615,0.334798434835886
108,1,427,car,aloud,-0.643042369973917,0.374431088842494,0.078074279094745,0.161916144710614
108,1,428,family,aloud,-0.339194925454803,0.58136579138209,0.145341447845522,0.309787962961339
108,1,429,son,aloud,-0.570565760120313,0.398072509027037,0.125881580242337,0.28476391840956
108,1,430,use,aloud,-0.636997932893896,0.326391179484741,0.090524625653185,0.197236215773983
109,0,431,look,pale,0.314206395933604,0.72314966233136,0.255672015023633,0.604568247178478
109,0,432,sick,pale,1.45108825520804,0.460841044542026,0.145730734004391,0.329665823767873
109,1,431,look,pail,-0.605210211226776,0.831942889924248,0.25084021935297,0.558906838381112
109,1,432,sick,pail,0.131856318745953,1.05752018281603,0.30527978111115,0.671916267901665
110,0,433,food,manner,-0.399834097250625,0.682068877788769,0.189171870174276,0.412170097747856
110,0,434,party,manner,-0.27745735638236,0.733157590242156,0.183289397560539,0.390672103136336
110,1,433,food,manor,-0.331540966394026,0.646874426163914,0.122247775794095,0.250831716946164
110,1,434,party,manor,0.10043337084221,0.482662911889032,0.17064710901199,0.403516292433948
111,0,435,buy,cash,1.40821431669879,0.589113288609123,0.122838612187568,0.254751689514504
111,0,436,chip,cash,0.615543336188091,0.472947586491689,0.167212222777042,0.39539407714133
111,0,437,stock,cash,0.967503016967709,0.46005992408147,0.138713286296148,0.309072462483143
111,0,438,ten,cash,0.876378468928645,0.949538530732302,0.274108163162108,0.603307999379778
111,0,439,year,cash,-0.446605552927666,0.646843547197754,0.122241940218009,0.25081974333307
111,1,435,buy,cache,-0.377323279312555,0.659956834294167,0.208696675376389,0.47210467905487
111,1,436,chip,cache,0.080139225108531,1.07368806802542,0.323729133047446,0.721313458862848
111,1,437,stock,cache,0.547454810212062,0.916273216962433,0.254128466622492,0.553698363460745
111,1,438,ten,cache,-0.622847393446341,0.449289714264467,0.112322428566117,0.23940958932342
111,1,439,year,cache,-0.698594318538269,0.397160055283993,0.082813596214417,0.171744886845359
112,0,440,city,rain,0.205143034095625,0.725149013784208,0.201120150119316,0.438203163384564
112,0,441,fall,rain,1.35372756796668,0.398878314303373,0.126136398244718,0.285340356778855
112,0,442,last,rain,-0.48467605237384,0.506024815660537,0.126506203915134,0.269641590845405
112,0,443,night,rain,0.223175152893295,0.605852646404828,0.126329009570031,0.261990330642277
112,1,440,city,reign,-0.281913805501794,0.634977779255243,0.119999520854389,0.246218678852047
112,1,441,fall,reign,0.209111785798445,0.860715719363245,0.248467226135056,0.546872677492391
112,1,442,last,reign,0.302905011888248,0.487632708480757,0.172404197447553,0.407671146360875
112,1,443,night,reign,-0.642203929572549,0.431580414569484,0.136477710355929,0.308734030043963
113,0,444,before,time,0.960641636307262,0.893366389745613,0.257892662802297,0.567617923724372
113,0,445,lunch,time,0.892860491910906,0.732759276636459,0.220935234750488,0.492274380320271
113,0,446,meeting,time,1.24197922778233,0.543870162429336,0.102781799664023,0.210890833089406
113,1,444,before,thyme,-0.687320460667362,0.794611042547247,0.198652760636812,0.423418336383527
113,1,445,lunch,thyme,-0.249824208915727,0.512719033724447,0.14220267430768,0.309833011194564
113,1,446,meeting,thyme,-0.781250756321343,0.495662474504672,0.103352770441421,0.214340527111731
114,0,447,afford,poor,0.732623518181762,0.779715246074002,0.246567610395251,0.557774685969653
114,0,448,buy,poor,-0.062528015788289,0.654604905322813,0.181554734716281,0.395573785286663
114,0,449,family,poor,0.464091034335387,0.671138931985169,0.237283444962505,0.561086188459821
114,0,450,food,poor,0.038564677972994,0.846019000596218,0.211504750149055,0.450811703588936
114,1,447,afford,pore,-0.660529443616379,0.351731733853704,0.101536205611485,0.223479681762892
114,1,448,buy,pore,-0.891351142323991,0.276546890652976,0.052262449893996,0.107233689558523
114,1,449,family,pore,-0.943509597324284,0.282603794761841,0.085208250141421,0.189855812649865
114,1,450,food,pore,-0.488892983115533,0.388785796886149,0.137456536703606,0.3250330602293
115,0,451,accuse,guilt,1.1652061653694,0.551857853499127,0.1042913313869,0.213988136344
115,0,452,decide,guilt,-0.144826178221417,0.739359740431168,0.222925349464068,0.496708632233507
115,0,453,innocence,guilt,1.28164517471177,0.759924771680614,0.219371385746834,0.482833164577519
115,0,454,jury,guilt,1.51515792216884,0.313011188308344,0.065267344523423,0.13535618802074
115,0,455,person,guilt,0.563343973253571,0.574245258605158,0.203026358211965,0.480081050340576
115,1,451,accuse,gilt,-0.460462340555363,0.858714440670333,0.179054338438723,0.371335970179441
115,1,452,decide,gilt,-0.717401872121769,0.429715318348973,0.119181585704581,0.259674367993226
115,1,453,innocence,gilt,0.213413822084493,1.1498661617529,0.287466540438224,0.612720426980694
115,1,454,jury,gilt,-0.614823792376017,0.529852633842739,0.167554114718227,0.379033740766149
115,1,455,person,gilt,-0.797503386812913,0.264729489075574,0.079818944200561,0.177847690697794
116,0,456,being,err,-0.42530305849085,0.740911196138056,0.185227799034514,0.394803708077152
116,0,457,better,err,-0.30560909935212,0.79559298068891,0.251588590941931,0.569132933077597
116,0,458,safe,err,-0.569853383292212,0.649613110388018,0.135453697076351,0.280913774314676
116,0,459,side,err,-0.130442477877082,0.89928905777712,0.249417908406085,0.543434938783943
116,1,456,being,heir,-0.059928509925509,0.699490081410158,0.247307089968926,0.584788342531362
116,1,457,better,heir,-0.597391093519909,0.787894770901257,0.22744562903647,0.500604454236978
116,1,458,safe,heir,0.017427688233438,0.716628919292058,0.226617962210788,0.512645446433868
116,1,459,side,heir,-0.575158610594821,0.45110304341999,0.085250462039548,0.174919499556788
117,0,460,evening,sun,0.274734841511143,0.995198549328666,0.351855821428657,0.832006808414303
117,0,461,morning,sun,1.65950626954641,0.645642085527768,0.186380815939804,0.41022141000928
117,0,462,rise,sun,1.19872131692978,0.574654538965987,0.17326486271135,0.386058172291226
117,0,463,set,sun,1.30292842585343,0.620973171420684,0.117352898744444,0.24078825884127
117,1,460,evening,son,-0.62409839595838,0.616684544451385,0.185937386177863,0.414294314179672
117,1,461,morning,son,-0.456913352347395,0.667545219518172,0.166886304879543,0.355709738695652
117,1,462,rise,son,-0.061480844753509,0.929855132614758,0.257895412261221,0.561905832947068
117,1,463,set,son,-0.864680372380044,0.227844328159795,0.047508826582468,0.098527275937102
118,0,464,high,sea,0.807334606845946,0.782022934400964,0.195505733600241,0.416710607036564
118,0,465,midatlantic,sea,1.44381228595481,0.498689171943303,0.138311490766173,0.301354850571739
118,0,466,ship,sea,1.81742784140711,0.400679359798887,0.126705938838259,0.286628747112039
118,1,464,high,c,-0.181968517679681,1.14553236562605,0.405006851901423,0.957689024067352
118,1,465,midatlantic,c,-0.790698851752433,0.56039706491364,0.105905090658001,0.217299296862697
118,1,466,ship,c,-0.707732711067019,0.418180631450117,0.120718350068806,0.26569929705219
119,0,467,student,what,-0.250644328537633,0.83773273886629,0.241832611146708,0.532269988360115
119,0,468,teacher,what,-0.300436257083688,0.752739861109139,0.156957111076576,0.325509125477732
119,0,469,tell,what,-0.120793909911627,0.717979576846173,0.216478987594263,0.482345242897433
119,1,467,student,watt,-0.859463702850211,0.312047114375851,0.078011778593963,0.166278170032412
119,1,468,teacher,watt,-0.706285160880822,0.437030550711915,0.138201194732737,0.312632822571931
119,1,469,tell,watt,-0.763513280716189,0.567868977368982,0.157498516588397,0.343159788596357
120,0,470,church,raiser,-0.17088437166286,0.803603755784351,0.200900938946088,0.428210215019171
120,0,471,fund,raiser,1.18170202317241,1.01907642005274,0.322260259713714,0.729003354796587
120,0,472,girl,raiser,-0.740622930989988,0.311247214686416,0.058820194737271,0.120689070547245
120,0,473,local,raiser,-0.309007093602491,0.710721384484578,0.197118645717531,0.429484634255985
120,0,474,organize,raiser,-0.264088454551069,0.832530995761278,0.294344156325394,0.696013330361645
120,1,470,church,razor,-0.696412732594987,0.223468932631933,0.07900819882428,0.186824703014556
120,1,471,fund,razor,-0.668267826684113,0.347073577378239,0.100191511663966,0.220520030339538
120,1,472,girl,razor,-0.040051763186612,0.748159825905803,0.156002107719792,0.323528569736339
120,1,473,local,razor,-0.702166384878252,0.554743243114962,0.104836618769688,0.215106973636256
120,1,474,organize,razor,-0.840709499875473,0.410472338787728,0.123762066779867,0.275759069394342