sub_num,condition,tar_num,isPun,abSpl,rating,age,gender
1,1,1,0,0,1.072909948,65,M
1,1,2,0,0,1.529467373,65,M
1,1,3,0,0,-0.296762326,65,M
1,1,4,0,0,1.529467373,65,M
1,1,5,0,0,1.986024797,65,M
1,1,6,0,0,1.072909948,65,M
1,1,7,0,0,1.529467373,65,M
1,1,8,0,0,1.529467373,65,M
1,1,9,0,0,1.529467373,65,M
1,1,10,0,0,1.529467373,65,M
1,1,11,0,1,0.616352523,65,M
1,1,12,0,1,-0.753319751,65,M
1,1,13,0,1,-0.753319751,65,M
1,1,14,0,1,1.072909948,65,M
1,1,15,0,1,1.072909948,65,M
1,1,16,0,1,-0.753319751,65,M
1,1,17,0,1,-0.753319751,65,M
1,1,18,0,1,0.159795099,65,M
1,1,19,0,1,1.072909948,65,M
1,1,20,0,1,1.072909948,65,M
1,1,21,1,0,-0.753319751,65,M
1,1,22,1,0,-0.753319751,65,M
1,1,23,1,0,-0.753319751,65,M
1,1,24,1,0,-0.753319751,65,M
1,1,25,1,0,-0.753319751,65,M
1,1,26,1,0,-0.753319751,65,M
1,1,27,1,0,-0.753319751,65,M
1,1,28,1,0,-0.753319751,65,M
1,1,29,1,0,-0.753319751,65,M
1,1,30,1,0,-0.753319751,65,M
1,1,31,1,1,-0.753319751,65,M
1,1,32,1,1,-0.753319751,65,M
1,1,33,1,1,-0.753319751,65,M
1,1,34,1,1,-0.753319751,65,M
1,1,35,1,1,-0.753319751,65,M
1,1,36,1,1,-0.753319751,65,M
1,1,37,1,1,-0.753319751,65,M
1,1,38,1,1,-0.753319751,65,M
1,1,39,1,1,-0.753319751,65,M
1,1,40,1,1,-0.753319751,65,M
2,1,1,0,0,1.682459923,35,M
2,1,2,0,0,0.541809128,35,M
2,1,3,0,0,-0.598841668,35,M
2,1,4,0,0,1.682459923,35,M
2,1,5,0,0,0.541809128,35,M
2,1,6,0,0,1.682459923,35,M
2,1,7,0,0,0.541809128,35,M
2,1,8,0,0,-0.598841668,35,M
2,1,9,0,0,-0.598841668,35,M
2,1,10,0,0,-0.598841668,35,M
2,1,11,0,1,-0.598841668,35,M
2,1,12,0,1,-0.598841668,35,M
2,1,13,0,1,-0.598841668,35,M
2,1,14,0,1,1.682459923,35,M
2,1,15,0,1,-0.598841668,35,M
2,1,16,0,1,-0.598841668,35,M
2,1,17,0,1,1.682459923,35,M
2,1,18,0,1,-0.598841668,35,M
2,1,19,0,1,-0.598841668,35,M
2,1,20,0,1,-0.598841668,35,M
2,1,21,1,0,-0.598841668,35,M
2,1,22,1,0,-0.598841668,35,M
2,1,23,1,0,-0.598841668,35,M
2,1,24,1,0,-0.598841668,35,M
2,1,25,1,0,-0.598841668,35,M
2,1,26,1,0,-0.598841668,35,M
2,1,27,1,0,1.682459923,35,M
2,1,28,1,0,-0.598841668,35,M
2,1,29,1,0,-0.598841668,35,M
2,1,30,1,0,0.541809128,35,M
2,1,31,1,1,-0.598841668,35,M
2,1,32,1,1,-0.598841668,35,M
2,1,33,1,1,-0.598841668,35,M
2,1,34,1,1,-0.598841668,35,M
2,1,35,1,1,-0.598841668,35,M
2,1,36,1,1,2.823110718,35,M
2,1,37,1,1,-0.598841668,35,M
2,1,38,1,1,-0.598841668,35,M
2,1,39,1,1,1.682459923,35,M
2,1,40,1,1,-0.598841668,35,M
3,1,1,0,0,1.121858163,25,M
3,1,2,0,0,1.121858163,25,M
3,1,3,0,0,-0.747905442,25,M
3,1,4,0,0,1.745112697,25,M
3,1,5,0,0,1.745112697,25,M
3,1,6,0,0,-0.124650907,25,M
3,1,7,0,0,1.745112697,25,M
3,1,8,0,0,1.745112697,25,M
3,1,9,0,0,1.745112697,25,M
3,1,10,0,0,1.745112697,25,M
3,1,11,0,1,-0.747905442,25,M
3,1,12,0,1,-0.124650907,25,M
3,1,13,0,1,-0.747905442,25,M
3,1,14,0,1,1.745112697,25,M
3,1,15,0,1,-0.124650907,25,M
3,1,16,0,1,-0.124650907,25,M
3,1,17,0,1,1.121858163,25,M
3,1,18,0,1,0.498603628,25,M
3,1,19,0,1,-0.124650907,25,M
3,1,20,0,1,1.121858163,25,M
3,1,21,1,0,-0.747905442,25,M
3,1,22,1,0,-0.747905442,25,M
3,1,23,1,0,-0.747905442,25,M
3,1,24,1,0,-0.747905442,25,M
3,1,25,1,0,-0.747905442,25,M
3,1,26,1,0,-0.747905442,25,M
3,1,27,1,0,-0.747905442,25,M
3,1,28,1,0,-0.747905442,25,M
3,1,29,1,0,-0.747905442,25,M
3,1,30,1,0,-0.747905442,25,M
3,1,31,1,1,-0.747905442,25,M
3,1,32,1,1,-0.747905442,25,M
3,1,33,1,1,-0.747905442,25,M
3,1,34,1,1,-0.747905442,25,M
3,1,35,1,1,-0.747905442,25,M
3,1,36,1,1,-0.747905442,25,M
3,1,37,1,1,-0.124650907,25,M
3,1,38,1,1,-0.747905442,25,M
3,1,39,1,1,-0.747905442,25,M
3,1,40,1,1,-0.747905442,25,M
4,1,1,0,0,0.565922632,25,F
4,1,2,0,0,1.161630666,25,F
4,1,3,0,0,0.565922632,25,F
4,1,4,0,0,-0.029785402,25,F
4,1,5,0,0,1.161630666,25,F
4,1,6,0,0,0.565922632,25,F
4,1,7,0,0,1.161630666,25,F
4,1,8,0,0,0.565922632,25,F
4,1,9,0,0,0.565922632,25,F
4,1,10,0,0,1.161630666,25,F
4,1,11,0,1,1.161630666,25,F
4,1,12,0,1,-0.625493436,25,F
4,1,13,0,1,0.565922632,25,F
4,1,14,0,1,-0.625493436,25,F
4,1,15,0,1,-0.029785402,25,F
4,1,16,0,1,2.353046735,25,F
4,1,17,0,1,-1.22120147,25,F
4,1,18,0,1,-0.029785402,25,F
4,1,19,0,1,-0.029785402,25,F
4,1,20,0,1,1.161630666,25,F
4,1,21,1,0,-0.625493436,25,F
4,1,22,1,0,-1.22120147,25,F
4,1,23,1,0,-0.625493436,25,F
4,1,24,1,0,-0.029785402,25,F
4,1,25,1,0,-0.625493436,25,F
4,1,26,1,0,-0.625493436,25,F
4,1,27,1,0,1.161630666,25,F
4,1,28,1,0,-1.22120147,25,F
4,1,29,1,0,-1.22120147,25,F
4,1,30,1,0,1.161630666,25,F
4,1,31,1,1,-0.029785402,25,F
4,1,32,1,1,-1.22120147,25,F
4,1,33,1,1,-1.22120147,25,F
4,1,34,1,1,-1.22120147,25,F
4,1,35,1,1,-1.22120147,25,F
4,1,36,1,1,-0.625493436,25,F
4,1,37,1,1,1.757338701,25,F
4,1,38,1,1,-1.22120147,25,F
4,1,39,1,1,-0.029785402,25,F
4,1,40,1,1,-1.22120147,25,F
5,1,1,0,0,-1.291300016,25,M
5,1,2,0,0,1.148951983,25,M
5,1,3,0,0,-0.884591349,25,M
5,1,4,0,0,1.148951983,25,M
5,1,5,0,0,1.148951983,25,M
5,1,6,0,0,0.33553465,25,M
5,1,7,0,0,1.148951983,25,M
5,1,8,0,0,1.148951983,25,M
5,1,9,0,0,-1.291300016,25,M
5,1,10,0,0,1.148951983,25,M
5,1,11,0,1,0.742243316,25,M
5,1,12,0,1,-0.884591349,25,M
5,1,13,0,1,-0.884591349,25,M
5,1,14,0,1,0.742243316,25,M
5,1,15,0,1,-0.477882683,25,M
5,1,16,0,1,1.148951983,25,M
5,1,17,0,1,-1.291300016,25,M
5,1,18,0,1,1.148951983,25,M
5,1,19,0,1,0.742243316,25,M
5,1,20,0,1,1.148951983,25,M
5,1,21,1,0,-1.291300016,25,M
5,1,22,1,0,0.742243316,25,M
5,1,23,1,0,1.148951983,25,M
5,1,24,1,0,0.33553465,25,M
5,1,25,1,0,-0.071174017,25,M
5,1,26,1,0,-0.477882683,25,M
5,1,27,1,0,0.33553465,25,M
5,1,28,1,0,-0.884591349,25,M
5,1,29,1,0,-0.071174017,25,M
5,1,30,1,0,0.33553465,25,M
5,1,31,1,1,1.148951983,25,M
5,1,32,1,1,-1.291300016,25,M
5,1,33,1,1,-1.291300016,25,M
5,1,34,1,1,-1.291300016,25,M
5,1,35,1,1,-1.291300016,25,M
5,1,36,1,1,-1.291300016,25,M
5,1,37,1,1,-0.071174017,25,M
5,1,38,1,1,-1.291300016,25,M
5,1,39,1,1,1.148951983,25,M
5,1,40,1,1,-0.477882683,25,M
6,1,1,0,0,-0.132750324,25,M
6,1,2,0,0,-0.891323603,25,M
6,1,3,0,0,1.384396234,25,M
6,1,4,0,0,1.384396234,25,M
6,1,5,0,0,-0.891323603,25,M
6,1,6,0,0,0.625822955,25,M
6,1,7,0,0,-0.891323603,25,M
6,1,8,0,0,0.625822955,25,M
6,1,9,0,0,-0.132750324,25,M
6,1,10,0,0,2.142969513,25,M
6,1,11,0,1,0.625822955,25,M
6,1,12,0,1,-0.891323603,25,M
6,1,13,0,1,-0.132750324,25,M
6,1,14,0,1,-0.891323603,25,M
6,1,15,0,1,-0.132750324,25,M
6,1,16,0,1,1.384396234,25,M
6,1,17,0,1,-1.649896882,25,M
6,1,18,0,1,2.142969513,25,M
6,1,19,0,1,-0.132750324,25,M
6,1,20,0,1,1.384396234,25,M
6,1,21,1,0,-0.132750324,25,M
6,1,22,1,0,-0.132750324,25,M
6,1,23,1,0,-0.132750324,25,M
6,1,24,1,0,-0.891323603,25,M
6,1,25,1,0,-0.891323603,25,M
6,1,26,1,0,1.384396234,25,M
6,1,27,1,0,1.384396234,25,M
6,1,28,1,0,-0.891323603,25,M
6,1,29,1,0,-0.891323603,25,M
6,1,30,1,0,-0.132750324,25,M
6,1,31,1,1,0.625822955,25,M
6,1,32,1,1,0.625822955,25,M
6,1,33,1,1,-0.132750324,25,M
6,1,34,1,1,-1.649896882,25,M
6,1,35,1,1,-0.891323603,25,M
6,1,36,1,1,0.625822955,25,M
6,1,37,1,1,-0.891323603,25,M
6,1,38,1,1,-0.891323603,25,M
6,1,39,1,1,-0.891323603,25,M
6,1,40,1,1,-0.132750324,25,M
7,1,1,0,0,-0.799427612,25,F
7,1,2,0,0,0.944778087,25,F
7,1,3,0,0,-0.218025712,25,F
7,1,4,0,0,-0.799427612,25,F
7,1,5,0,0,-0.218025712,25,F
7,1,6,0,0,-0.799427612,25,F
7,1,7,0,0,-0.218025712,25,F
7,1,8,0,0,0.363376187,25,F
7,1,9,0,0,2.107581887,25,F
7,1,10,0,0,2.107581887,25,F
7,1,11,0,1,-0.799427612,25,F
7,1,12,0,1,-0.218025712,25,F
7,1,13,0,1,-0.799427612,25,F
7,1,14,0,1,-0.799427612,25,F
7,1,15,0,1,0.363376187,25,F
7,1,16,0,1,1.526179987,25,F
7,1,17,0,1,1.526179987,25,F
7,1,18,0,1,2.107581887,25,F
7,1,19,0,1,-0.799427612,25,F
7,1,20,0,1,0.363376187,25,F
7,1,21,1,0,-0.218025712,25,F
7,1,22,1,0,-0.799427612,25,F
7,1,23,1,0,-0.799427612,25,F
7,1,24,1,0,0.363376187,25,F
7,1,25,1,0,-0.218025712,25,F
7,1,26,1,0,-0.799427612,25,F
7,1,27,1,0,-0.799427612,25,F
7,1,28,1,0,1.526179987,25,F
7,1,29,1,0,-0.799427612,25,F
7,1,30,1,0,1.526179987,25,F
7,1,31,1,1,-0.799427612,25,F
7,1,32,1,1,-0.218025712,25,F
7,1,33,1,1,1.526179987,25,F
7,1,34,1,1,-0.799427612,25,F
7,1,35,1,1,0.363376187,25,F
7,1,36,1,1,-0.799427612,25,F
7,1,37,1,1,-0.799427612,25,F
7,1,38,1,1,-0.799427612,25,F
7,1,39,1,1,-0.799427612,25,F
7,1,40,1,1,-0.799427612,25,F
8,1,1,0,0,-1.095617125,25,F
8,1,2,0,0,0.156516732,25,F
8,1,3,0,0,0.782583661,25,F
8,1,4,0,0,-1.095617125,25,F
8,1,5,0,0,0.782583661,25,F
8,1,6,0,0,-1.095617125,25,F
8,1,7,0,0,1.408650589,25,F
8,1,8,0,0,1.408650589,25,F
8,1,9,0,0,-0.469550196,25,F
8,1,10,0,0,1.408650589,25,F
8,1,11,0,1,-1.095617125,25,F
8,1,12,0,1,0.156516732,25,F
8,1,13,0,1,-0.469550196,25,F
8,1,14,0,1,0.156516732,25,F
8,1,15,0,1,0.782583661,25,F
8,1,16,0,1,1.408650589,25,F
8,1,17,0,1,0.782583661,25,F
8,1,18,0,1,0.782583661,25,F
8,1,19,0,1,-0.469550196,25,F
8,1,20,0,1,1.408650589,25,F
8,1,21,1,0,0.782583661,25,F
8,1,22,1,0,-1.721684053,25,F
8,1,23,1,0,0.156516732,25,F
8,1,24,1,0,-0.469550196,25,F
8,1,25,1,0,-0.469550196,25,F
8,1,26,1,0,-0.469550196,25,F
8,1,27,1,0,0.782583661,25,F
8,1,28,1,0,1.408650589,25,F
8,1,29,1,0,-0.469550196,25,F
8,1,30,1,0,-0.469550196,25,F
8,1,31,1,1,0.156516732,25,F
8,1,32,1,1,-1.721684053,25,F
8,1,33,1,1,1.408650589,25,F
8,1,34,1,1,-0.469550196,25,F
8,1,35,1,1,-1.721684053,25,F
8,1,36,1,1,0.782583661,25,F
8,1,37,1,1,0.156516732,25,F
8,1,38,1,1,-1.095617125,25,F
8,1,39,1,1,-1.721684053,25,F
8,1,40,1,1,-0.469550196,25,F
9,1,1,0,0,-0.289255945,35,F
9,1,2,0,0,1.36363517,35,F
9,1,3,0,0,0.537189612,35,F
9,1,4,0,0,2.190080727,35,F
9,1,5,0,0,-0.289255945,35,F
9,1,6,0,0,-0.289255945,35,F
9,1,7,0,0,1.36363517,35,F
9,1,8,0,0,0.537189612,35,F
9,1,9,0,0,-0.289255945,35,F
9,1,10,0,0,-0.289255945,35,F
9,1,11,0,1,1.36363517,35,F
9,1,12,0,1,1.36363517,35,F
9,1,13,0,1,0.537189612,35,F
9,1,14,0,1,0.537189612,35,F
9,1,15,0,1,2.190080727,35,F
9,1,16,0,1,-0.289255945,35,F
9,1,17,0,1,0.537189612,35,F
9,1,18,0,1,-0.289255945,35,F
9,1,19,0,1,0.537189612,35,F
9,1,20,0,1,-0.289255945,35,F
9,1,21,1,0,-0.289255945,35,F
9,1,22,1,0,-1.115701502,35,F
9,1,23,1,0,0.537189612,35,F
9,1,24,1,0,-0.289255945,35,F
9,1,25,1,0,-1.115701502,35,F
9,1,26,1,0,-0.289255945,35,F
9,1,27,1,0,2.190080727,35,F
9,1,28,1,0,-1.115701502,35,F
9,1,29,1,0,-1.115701502,35,F
9,1,30,1,0,-1.115701502,35,F
9,1,31,1,1,-0.289255945,35,F
9,1,32,1,1,-1.115701502,35,F
9,1,33,1,1,-0.289255945,35,F
9,1,34,1,1,-1.115701502,35,F
9,1,35,1,1,-1.115701502,35,F
9,1,36,1,1,-1.115701502,35,F
9,1,37,1,1,-0.289255945,35,F
9,1,38,1,1,-1.115701502,35,F
9,1,39,1,1,0.537189612,35,F
9,1,40,1,1,-1.115701502,35,F
10,1,1,0,0,-0.238609108,65,M
10,1,2,0,0,2.147481975,65,M
10,1,3,0,0,-0.835131879,65,M
10,1,4,0,0,1.550959204,65,M
10,1,5,0,0,-0.238609108,65,M
10,1,6,0,0,2.147481975,65,M
10,1,7,0,0,2.147481975,65,M
10,1,8,0,0,2.147481975,65,M
10,1,9,0,0,0.954436433,65,M
10,1,10,0,0,-0.238609108,65,M
10,1,11,0,1,0.954436433,65,M
10,1,12,0,1,-0.238609108,65,M
10,1,13,0,1,-0.835131879,65,M
10,1,14,0,1,-0.835131879,65,M
10,1,15,0,1,-0.238609108,65,M
10,1,16,0,1,-0.238609108,65,M
10,1,17,0,1,-0.238609108,65,M
10,1,18,0,1,0.954436433,65,M
10,1,19,0,1,-0.238609108,65,M
10,1,20,0,1,2.147481975,65,M
10,1,21,1,0,-0.238609108,65,M
10,1,22,1,0,-0.238609108,65,M
10,1,23,1,0,-0.238609108,65,M
10,1,24,1,0,-0.835131879,65,M
10,1,25,1,0,-0.238609108,65,M
10,1,26,1,0,0.357913662,65,M
10,1,27,1,0,-0.835131879,65,M
10,1,28,1,0,-0.238609108,65,M
10,1,29,1,0,-0.835131879,65,M
10,1,30,1,0,-0.835131879,65,M
10,1,31,1,1,-0.835131879,65,M
10,1,32,1,1,-0.238609108,65,M
10,1,33,1,1,-0.835131879,65,M
10,1,34,1,1,-0.835131879,65,M
10,1,35,1,1,-0.835131879,65,M
10,1,36,1,1,-0.835131879,65,M
10,1,37,1,1,-0.835131879,65,M
10,1,38,1,1,-0.835131879,65,M
10,1,39,1,1,-0.238609108,65,M
10,1,40,1,1,-0.238609108,65,M
11,1,1,0,0,-0.138467841,65,F
11,1,2,0,0,2.938595296,65,F
11,1,3,0,0,-0.138467841,65,F
11,1,4,0,0,2.323182669,65,F
11,1,5,0,0,-0.753880469,65,F
11,1,6,0,0,2.323182669,65,F
11,1,7,0,0,0.476944786,65,F
11,1,8,0,0,2.323182669,65,F
11,1,9,0,0,-0.753880469,65,F
11,1,10,0,0,-0.753880469,65,F
11,1,11,0,1,-0.753880469,65,F
11,1,12,0,1,-0.753880469,65,F
11,1,13,0,1,-0.138467841,65,F
11,1,14,0,1,-0.138467841,65,F
11,1,15,0,1,-0.138467841,65,F
11,1,16,0,1,-0.138467841,65,F
11,1,17,0,1,-0.138467841,65,F
11,1,18,0,1,2.323182669,65,F
11,1,19,0,1,-0.753880469,65,F
11,1,20,0,1,-0.138467841,65,F
11,1,21,1,0,-0.138467841,65,F
11,1,22,1,0,-0.753880469,65,F
11,1,23,1,0,-0.138467841,65,F
11,1,24,1,0,-0.753880469,65,F
11,1,25,1,0,-0.753880469,65,F
11,1,26,1,0,-0.138467841,65,F
11,1,27,1,0,-0.138467841,65,F
11,1,28,1,0,-0.138467841,65,F
11,1,29,1,0,-0.753880469,65,F
11,1,30,1,0,-0.138467841,65,F
11,1,31,1,1,-0.753880469,65,F
11,1,32,1,1,-0.138467841,65,F
11,1,33,1,1,-0.138467841,65,F
11,1,34,1,1,-0.138467841,65,F
11,1,35,1,1,-0.753880469,65,F
11,1,36,1,1,-0.138467841,65,F
11,1,37,1,1,-0.753880469,65,F
11,1,38,1,1,0.476944786,65,F
11,1,39,1,1,-0.138467841,65,F
11,1,40,1,1,-0.753880469,65,F
12,1,1,0,0,-0.670058357,25,M
12,1,2,0,0,1.804003269,25,M
12,1,3,0,0,-0.670058357,25,M
12,1,4,0,0,1.804003269,25,M
12,1,5,0,0,1.804003269,25,M
12,1,6,0,0,1.391659664,25,M
12,1,7,0,0,0.97931606,25,M
12,1,8,0,0,-0.257714753,25,M
12,1,9,0,0,1.804003269,25,M
12,1,10,0,0,1.391659664,25,M
12,1,11,0,1,0.566972456,25,M
12,1,12,0,1,-0.670058357,25,M
12,1,13,0,1,1.391659664,25,M
12,1,14,0,1,0.97931606,25,M
12,1,15,0,1,-0.257714753,25,M
12,1,16,0,1,-0.670058357,25,M
12,1,17,0,1,-0.257714753,25,M
12,1,18,0,1,-0.670058357,25,M
12,1,19,0,1,1.804003269,25,M
12,1,20,0,1,1.804003269,25,M
12,1,21,1,0,-0.670058357,25,M
12,1,22,1,0,-0.670058357,25,M
12,1,23,1,0,-0.670058357,25,M
12,1,24,1,0,-0.670058357,25,M
12,1,25,1,0,-0.670058357,25,M
12,1,26,1,0,-0.670058357,25,M
12,1,27,1,0,-0.670058357,25,M
12,1,28,1,0,-0.670058357,25,M
12,1,29,1,0,-0.670058357,25,M
12,1,30,1,0,-0.670058357,25,M
12,1,31,1,1,-0.670058357,25,M
12,1,32,1,1,-0.670058357,25,M
12,1,33,1,1,-0.670058357,25,M
12,1,34,1,1,-0.670058357,25,M
12,1,35,1,1,-0.670058357,25,M
12,1,36,1,1,-0.670058357,25,M
12,1,37,1,1,-0.670058357,25,M
12,1,38,1,1,-0.670058357,25,M
12,1,39,1,1,-0.670058357,25,M
12,1,40,1,1,-0.670058357,25,M
13,1,1,0,0,2.191006665,35,F
13,1,2,0,0,-0.519517044,35,F
13,1,3,0,0,-0.519517044,35,F
13,1,4,0,0,-0.519517044,35,F
13,1,5,0,0,0.383990859,35,F
13,1,6,0,0,1.287498762,35,F
13,1,7,0,0,2.191006665,35,F
13,1,8,0,0,1.287498762,35,F
13,1,9,0,0,0.383990859,35,F
13,1,10,0,0,1.287498762,35,F
13,1,11,0,1,-0.519517044,35,F
13,1,12,0,1,-0.519517044,35,F
13,1,13,0,1,2.191006665,35,F
13,1,14,0,1,1.287498762,35,F
13,1,15,0,1,-0.519517044,35,F
13,1,16,0,1,-0.519517044,35,F
13,1,17,0,1,-0.519517044,35,F
13,1,18,0,1,3.094514567,35,F
13,1,19,0,1,-0.519517044,35,F
13,1,20,0,1,-0.519517044,35,F
13,1,21,1,0,-0.519517044,35,F
13,1,22,1,0,-0.519517044,35,F
13,1,23,1,0,-0.519517044,35,F
13,1,24,1,0,-0.519517044,35,F
13,1,25,1,0,-0.519517044,35,F
13,1,26,1,0,-0.519517044,35,F
13,1,27,1,0,-0.519517044,35,F
13,1,28,1,0,-0.519517044,35,F
13,1,29,1,0,-0.519517044,35,F
13,1,30,1,0,-0.519517044,35,F
13,1,31,1,1,-0.519517044,35,F
13,1,32,1,1,-0.519517044,35,F
13,1,33,1,1,-0.519517044,35,F
13,1,34,1,1,-0.519517044,35,F
13,1,35,1,1,-0.519517044,35,F
13,1,36,1,1,-0.519517044,35,F
13,1,37,1,1,-0.519517044,35,F
13,1,38,1,1,-0.519517044,35,F
13,1,39,1,1,-0.519517044,35,F
13,1,40,1,1,-0.519517044,35,F
14,1,1,0,0,1.408112039,35,M
14,1,2,0,0,1.408112039,35,M
14,1,3,0,0,-0.80069116,35,M
14,1,4,0,0,-1.905092759,35,M
14,1,5,0,0,0.30371044,35,M
14,1,6,0,0,1.408112039,35,M
14,1,7,0,0,0.30371044,35,M
14,1,8,0,0,-0.80069116,35,M
14,1,9,0,0,-1.905092759,35,M
14,1,10,0,0,-1.905092759,35,M
14,1,11,0,1,0.30371044,35,M
14,1,12,0,1,0.30371044,35,M
14,1,13,0,1,0.30371044,35,M
14,1,14,0,1,-0.80069116,35,M
14,1,15,0,1,0.30371044,35,M
14,1,16,0,1,0.30371044,35,M
14,1,17,0,1,0.30371044,35,M
14,1,18,0,1,-0.80069116,35,M
14,1,19,0,1,-0.80069116,35,M
14,1,20,0,1,0.30371044,35,M
14,1,21,1,0,-0.80069116,35,M
14,1,22,1,0,1.408112039,35,M
14,1,23,1,0,-0.80069116,35,M
14,1,24,1,0,-0.80069116,35,M
14,1,25,1,0,-0.80069116,35,M
14,1,26,1,0,0.30371044,35,M
14,1,27,1,0,-0.80069116,35,M
14,1,28,1,0,-0.80069116,35,M
14,1,29,1,0,0.30371044,35,M
14,1,30,1,0,0.30371044,35,M
14,1,31,1,1,1.408112039,35,M
14,1,32,1,1,1.408112039,35,M
14,1,33,1,1,-0.80069116,35,M
14,1,34,1,1,0.30371044,35,M
14,1,35,1,1,0.30371044,35,M
14,1,36,1,1,-0.80069116,35,M
14,1,37,1,1,-0.80069116,35,M
14,1,38,1,1,1.408112039,35,M
14,1,39,1,1,1.408112039,35,M
14,1,40,1,1,1.408112039,35,M
15,1,1,0,0,0.430597227,35,F
15,1,2,0,0,0.430597227,35,F
15,1,3,0,0,-0.389587967,35,F
15,1,4,0,0,2.070967614,35,F
15,1,5,0,0,1.25078242,35,F
15,1,6,0,0,0.430597227,35,F
15,1,7,0,0,-1.20977316,35,F
15,1,8,0,0,0.430597227,35,F
15,1,9,0,0,0.430597227,35,F
15,1,10,0,0,0.430597227,35,F
15,1,11,0,1,0.430597227,35,F
15,1,12,0,1,-0.389587967,35,F
15,1,13,0,1,0.430597227,35,F
15,1,14,0,1,1.25078242,35,F
15,1,15,0,1,-0.389587967,35,F
15,1,16,0,1,1.25078242,35,F
15,1,17,0,1,-0.389587967,35,F
15,1,18,0,1,2.070967614,35,F
15,1,19,0,1,-0.389587967,35,F
15,1,20,0,1,1.25078242,35,F
15,1,21,1,0,-0.389587967,35,F
15,1,22,1,0,-1.20977316,35,F
15,1,23,1,0,-0.389587967,35,F
15,1,24,1,0,-0.389587967,35,F
15,1,25,1,0,-0.389587967,35,F
15,1,26,1,0,0.430597227,35,F
15,1,27,1,0,1.25078242,35,F
15,1,28,1,0,-1.20977316,35,F
15,1,29,1,0,0.430597227,35,F
15,1,30,1,0,-1.20977316,35,F
15,1,31,1,1,-1.20977316,35,F
15,1,32,1,1,-1.20977316,35,F
15,1,33,1,1,-1.20977316,35,F
15,1,34,1,1,-1.20977316,35,F
15,1,35,1,1,2.070967614,35,F
15,1,36,1,1,-0.389587967,35,F
15,1,37,1,1,-0.389587967,35,F
15,1,38,1,1,-1.20977316,35,F
15,1,39,1,1,-0.389587967,35,F
15,1,40,1,1,-1.20977316,35,F
16,1,1,0,0,-0.524444424,35,F
16,1,2,0,0,2.033821057,35,F
16,1,3,0,0,-0.524444424,35,F
16,1,4,0,0,-0.524444424,35,F
16,1,5,0,0,-0.524444424,35,F
16,1,6,0,0,2.033821057,35,F
16,1,7,0,0,1.522167961,35,F
16,1,8,0,0,1.010514865,35,F
16,1,9,0,0,-0.524444424,35,F
16,1,10,0,0,-0.524444424,35,F
16,1,11,0,1,2.033821057,35,F
16,1,12,0,1,-0.524444424,35,F
16,1,13,0,1,2.033821057,35,F
16,1,14,0,1,-0.524444424,35,F
16,1,15,0,1,2.033821057,35,F
16,1,16,0,1,-0.524444424,35,F
16,1,17,0,1,-0.524444424,35,F
16,1,18,0,1,1.522167961,35,F
16,1,19,0,1,-0.524444424,35,F
16,1,20,0,1,-0.524444424,35,F
16,1,21,1,0,-0.524444424,35,F
16,1,22,1,0,-0.524444424,35,F
16,1,23,1,0,2.033821057,35,F
16,1,24,1,0,-0.524444424,35,F
16,1,25,1,0,-0.524444424,35,F
16,1,26,1,0,-0.524444424,35,F
16,1,27,1,0,-0.524444424,35,F
16,1,28,1,0,-0.524444424,35,F
16,1,29,1,0,-0.524444424,35,F
16,1,30,1,0,-0.524444424,35,F
16,1,31,1,1,-0.524444424,35,F
16,1,32,1,1,-0.524444424,35,F
16,1,33,1,1,-0.524444424,35,F
16,1,34,1,1,-0.524444424,35,F
16,1,35,1,1,-0.524444424,35,F
16,1,36,1,1,-0.524444424,35,F
16,1,37,1,1,-0.524444424,35,F
16,1,38,1,1,-0.524444424,35,F
16,1,39,1,1,-0.524444424,35,F
16,1,40,1,1,-0.524444424,35,F
17,2,1,0,1,-0.786016401,35,F
17,2,2,0,1,-0.786016401,35,F
17,2,3,0,1,0.1965041,35,F
17,2,4,0,1,1.670284851,35,F
17,2,5,0,1,1.670284851,35,F
17,2,6,0,1,-0.786016401,35,F
17,2,7,0,1,2.161545102,35,F
17,2,8,0,1,0.687764351,35,F
17,2,9,0,1,1.179024601,35,F
17,2,10,0,1,-0.29475615,35,F
17,2,11,0,0,1.670284851,35,F
17,2,12,0,0,0.1965041,35,F
17,2,13,0,0,1.670284851,35,F
17,2,14,0,0,1.179024601,35,F
17,2,15,0,0,1.670284851,35,F
17,2,16,0,0,0.687764351,35,F
17,2,17,0,0,0.687764351,35,F
17,2,18,0,0,0.687764351,35,F
17,2,19,0,0,0.687764351,35,F
17,2,20,0,0,1.179024601,35,F
17,2,21,1,1,-0.786016401,35,F
17,2,22,1,1,-0.29475615,35,F
17,2,23,1,1,-0.786016401,35,F
17,2,24,1,1,-0.786016401,35,F
17,2,25,1,1,-0.786016401,35,F
17,2,26,1,1,-0.786016401,35,F
17,2,27,1,1,-0.786016401,35,F
17,2,28,1,1,-0.786016401,35,F
17,2,29,1,1,-0.786016401,35,F
17,2,30,1,1,-0.786016401,35,F
17,2,31,1,0,-0.786016401,35,F
17,2,32,1,0,-0.786016401,35,F
17,2,33,1,0,-0.786016401,35,F
17,2,34,1,0,-0.786016401,35,F
17,2,35,1,0,-0.786016401,35,F
17,2,36,1,0,-0.786016401,35,F
17,2,37,1,0,-0.786016401,35,F
17,2,38,1,0,-0.786016401,35,F
17,2,39,1,0,-0.786016401,35,F
17,2,40,1,0,-0.786016401,35,F
18,2,1,0,1,-0.702427522,25,F
18,2,2,0,1,-0.702427522,25,F
18,2,3,0,1,1.56346771,25,F
18,2,4,0,1,2.016646756,25,F
18,2,5,0,1,-0.702427522,25,F
18,2,6,0,1,-0.702427522,25,F
18,2,7,0,1,1.110288663,25,F
18,2,8,0,1,0.657109617,25,F
18,2,9,0,1,-0.702427522,25,F
18,2,10,0,1,-0.249248475,25,F
18,2,11,0,0,1.110288663,25,F
18,2,12,0,0,-0.702427522,25,F
18,2,13,0,0,2.016646756,25,F
18,2,14,0,0,1.56346771,25,F
18,2,15,0,0,1.110288663,25,F
18,2,16,0,0,1.110288663,25,F
18,2,17,0,0,1.56346771,25,F
18,2,18,0,0,0.203930571,25,F
18,2,19,0,0,1.110288663,25,F
18,2,20,0,0,2.016646756,25,F
18,2,21,1,1,-0.702427522,25,F
18,2,22,1,1,-0.702427522,25,F
18,2,23,1,1,-0.702427522,25,F
18,2,24,1,1,-0.702427522,25,F
18,2,25,1,1,-0.702427522,25,F
18,2,26,1,1,0.657109617,25,F
18,2,27,1,1,-0.702427522,25,F
18,2,28,1,1,-0.702427522,25,F
18,2,29,1,1,-0.702427522,25,F
18,2,30,1,1,-0.702427522,25,F
18,2,31,1,0,-0.702427522,25,F
18,2,32,1,0,-0.702427522,25,F
18,2,33,1,0,-0.702427522,25,F
18,2,34,1,0,-0.702427522,25,F
18,2,35,1,0,-0.702427522,25,F
18,2,36,1,0,-0.702427522,25,F
18,2,37,1,0,-0.702427522,25,F
18,2,38,1,0,-0.702427522,25,F
18,2,39,1,0,-0.702427522,25,F
18,2,40,1,0,-0.702427522,25,F
19,2,1,0,1,2.14223467,65,M
19,2,2,0,1,1.134124237,65,M
19,2,3,0,1,-1.890207062,65,M
19,2,4,0,1,0.126013804,65,M
19,2,5,0,1,1.134124237,65,M
19,2,6,0,1,-1.890207062,65,M
19,2,7,0,1,0.126013804,65,M
19,2,8,0,1,1.134124237,65,M
19,2,9,0,1,1.134124237,65,M
19,2,10,0,1,1.134124237,65,M
19,2,11,0,0,-0.882096629,65,M
19,2,12,0,0,1.134124237,65,M
19,2,13,0,0,1.134124237,65,M
19,2,14,0,0,0.126013804,65,M
19,2,15,0,0,0.126013804,65,M
19,2,16,0,0,-0.882096629,65,M
19,2,17,0,0,1.134124237,65,M
19,2,18,0,0,1.134124237,65,M
19,2,19,0,0,1.134124237,65,M
19,2,20,0,0,-0.882096629,65,M
19,2,21,1,1,-0.882096629,65,M
19,2,22,1,1,0.126013804,65,M
19,2,23,1,1,-0.882096629,65,M
19,2,24,1,1,-0.882096629,65,M
19,2,25,1,1,-0.882096629,65,M
19,2,26,1,1,-0.882096629,65,M
19,2,27,1,1,1.134124237,65,M
19,2,28,1,1,1.134124237,65,M
19,2,29,1,1,-0.882096629,65,M
19,2,30,1,1,0.126013804,65,M
19,2,31,1,0,-0.882096629,65,M
19,2,32,1,0,-0.882096629,65,M
19,2,33,1,0,0.126013804,65,M
19,2,34,1,0,-0.882096629,65,M
19,2,35,1,0,-0.882096629,65,M
19,2,36,1,0,0.126013804,65,M
19,2,37,1,0,-0.882096629,65,M
19,2,38,1,0,0.126013804,65,M
19,2,39,1,0,0.126013804,65,M
19,2,40,1,0,-0.882096629,65,M
20,2,1,0,1,1.18510096,45,M
20,2,2,0,1,-0.969628058,45,M
20,2,3,0,1,1.18510096,45,M
20,2,4,0,1,1.18510096,45,M
20,2,5,0,1,1.18510096,45,M
20,2,6,0,1,1.18510096,45,M
20,2,7,0,1,1.18510096,45,M
20,2,8,0,1,1.18510096,45,M
20,2,9,0,1,-0.969628058,45,M
20,2,10,0,1,1.18510096,45,M
20,2,11,0,0,0.825979457,45,M
20,2,12,0,0,1.18510096,45,M
20,2,13,0,0,0.825979457,45,M
20,2,14,0,0,1.18510096,45,M
20,2,15,0,0,0.466857954,45,M
20,2,16,0,0,1.18510096,45,M
20,2,17,0,0,0.825979457,45,M
20,2,18,0,0,1.18510096,45,M
20,2,19,0,0,1.18510096,45,M
20,2,20,0,0,-0.251385052,45,M
20,2,21,1,1,-0.969628058,45,M
20,2,22,1,1,-0.969628058,45,M
20,2,23,1,1,-0.969628058,45,M
20,2,24,1,1,-0.969628058,45,M
20,2,25,1,1,-0.969628058,45,M
20,2,26,1,1,-0.251385052,45,M
20,2,27,1,1,-0.969628058,45,M
20,2,28,1,1,-0.969628058,45,M
20,2,29,1,1,-0.969628058,45,M
20,2,30,1,1,-0.969628058,45,M
20,2,31,1,0,-0.610506555,45,M
20,2,32,1,0,-0.969628058,45,M
20,2,33,1,0,-0.610506555,45,M
20,2,34,1,0,-0.969628058,45,M
20,2,35,1,0,-0.969628058,45,M
20,2,36,1,0,0.825979457,45,M
20,2,37,1,0,-0.969628058,45,M
20,2,38,1,0,-0.969628058,45,M
20,2,39,1,0,-0.969628058,45,M
20,2,40,1,0,-0.969628058,45,M
21,2,1,0,1,0.156456893,35,F
21,2,2,0,1,-0.947944706,35,F
21,2,3,0,1,1.260858493,35,F
21,2,4,0,1,1.260858493,35,F
21,2,5,0,1,0.892724626,35,F
21,2,6,0,1,1.260858493,35,F
21,2,7,0,1,1.260858493,35,F
21,2,8,0,1,0.892724626,35,F
21,2,9,0,1,-0.947944706,35,F
21,2,10,0,1,0.892724626,35,F
21,2,11,0,0,1.260858493,35,F
21,2,12,0,0,0.892724626,35,F
21,2,13,0,0,1.260858493,35,F
21,2,14,0,0,1.260858493,35,F
21,2,15,0,0,0.156456893,35,F
21,2,16,0,0,1.260858493,35,F
21,2,17,0,0,0.892724626,35,F
21,2,18,0,0,1.260858493,35,F
21,2,19,0,0,1.260858493,35,F
21,2,20,0,0,0.52459076,35,F
21,2,21,1,1,-0.947944706,35,F
21,2,22,1,1,-0.947944706,35,F
21,2,23,1,1,-0.947944706,35,F
21,2,24,1,1,-0.947944706,35,F
21,2,25,1,1,-0.947944706,35,F
21,2,26,1,1,0.892724626,35,F
21,2,27,1,1,-0.947944706,35,F
21,2,28,1,1,-0.947944706,35,F
21,2,29,1,1,-0.947944706,35,F
21,2,30,1,1,-0.947944706,35,F
21,2,31,1,0,-0.947944706,35,F
21,2,32,1,0,-0.947944706,35,F
21,2,33,1,0,-0.947944706,35,F
21,2,34,1,0,-0.947944706,35,F
21,2,35,1,0,-0.947944706,35,F
21,2,36,1,0,0.156456893,35,F
21,2,37,1,0,-0.947944706,35,F
21,2,38,1,0,-0.947944706,35,F
21,2,39,1,0,-0.947944706,35,F
21,2,40,1,0,-0.947944706,35,F
22,2,1,0,1,1.24542343,35,F
22,2,2,0,1,-1.204589875,35,F
22,2,3,0,1,0.020416778,35,F
22,2,4,0,1,1.24542343,35,F
22,2,5,0,1,-1.204589875,35,F
22,2,6,0,1,1.24542343,35,F
22,2,7,0,1,1.24542343,35,F
22,2,8,0,1,0.837087879,35,F
22,2,9,0,1,-1.204589875,35,F
22,2,10,0,1,-1.204589875,35,F
22,2,11,0,0,0.428752329,35,F
22,2,12,0,0,1.24542343,35,F
22,2,13,0,0,-0.387918773,35,F
22,2,14,0,0,-1.204589875,35,F
22,2,15,0,0,-1.204589875,35,F
22,2,16,0,0,0.837087879,35,F
22,2,17,0,0,-1.204589875,35,F
22,2,18,0,0,1.24542343,35,F
22,2,19,0,0,1.24542343,35,F
22,2,20,0,0,0.428752329,35,F
22,2,21,1,1,-1.204589875,35,F
22,2,22,1,1,-1.204589875,35,F
22,2,23,1,1,0.428752329,35,F
22,2,24,1,1,-0.387918773,35,F
22,2,25,1,1,0.020416778,35,F
22,2,26,1,1,1.24542343,35,F
22,2,27,1,1,0.837087879,35,F
22,2,28,1,1,-1.204589875,35,F
22,2,29,1,1,-1.204589875,35,F
22,2,30,1,1,-1.204589875,35,F
22,2,31,1,0,0.428752329,35,F
22,2,32,1,0,0.837087879,35,F
22,2,33,1,0,1.24542343,35,F
22,2,34,1,0,0.020416778,35,F
22,2,35,1,0,-1.204589875,35,F
22,2,36,1,0,0.837087879,35,F
22,2,37,1,0,-1.204589875,35,F
22,2,38,1,0,0.020416778,35,F
22,2,39,1,0,0.428752329,35,F
22,2,40,1,0,0.020416778,35,F
23,2,1,0,1,-0.560842434,35,M
23,2,2,0,1,0.029518023,35,M
23,2,3,0,1,-0.560842434,35,M
23,2,4,0,1,0.029518023,35,M
23,2,5,0,1,1.800599394,35,M
23,2,6,0,1,0.029518023,35,M
23,2,7,0,1,2.981320308,35,M
23,2,8,0,1,0.029518023,35,M
23,2,9,0,1,-0.560842434,35,M
23,2,10,0,1,-0.560842434,35,M
23,2,11,0,0,1.210238937,35,M
23,2,12,0,0,-0.560842434,35,M
23,2,13,0,0,-0.560842434,35,M
23,2,14,0,0,2.981320308,35,M
23,2,15,0,0,0.029518023,35,M
23,2,16,0,0,0.029518023,35,M
23,2,17,0,0,-0.560842434,35,M
23,2,18,0,0,2.981320308,35,M
23,2,19,0,0,0.029518023,35,M
23,2,20,0,0,0.61987848,35,M
23,2,21,1,1,-0.560842434,35,M
23,2,22,1,1,-0.560842434,35,M
23,2,23,1,1,0.029518023,35,M
23,2,24,1,1,-0.560842434,35,M
23,2,25,1,1,-0.560842434,35,M
23,2,26,1,1,-0.560842434,35,M
23,2,27,1,1,-0.560842434,35,M
23,2,28,1,1,-0.560842434,35,M
23,2,29,1,1,0.029518023,35,M
23,2,30,1,1,-0.560842434,35,M
23,2,31,1,0,-0.560842434,35,M
23,2,32,1,0,-0.560842434,35,M
23,2,33,1,0,-0.560842434,35,M
23,2,34,1,0,0.029518023,35,M
23,2,35,1,0,-0.560842434,35,M
23,2,36,1,0,0.029518023,35,M
23,2,37,1,0,-0.560842434,35,M
23,2,38,1,0,-0.560842434,35,M
23,2,39,1,0,-0.560842434,35,M
23,2,40,1,0,-0.560842434,35,M
24,2,1,0,1,0.394116371,35,M
24,2,2,0,1,-0.693101203,35,M
24,2,3,0,1,-0.693101203,35,M
24,2,4,0,1,2.024942732,35,M
24,2,5,0,1,-0.149492416,35,M
24,2,6,0,1,-0.693101203,35,M
24,2,7,0,1,-0.693101203,35,M
24,2,8,0,1,1.481333945,35,M
24,2,9,0,1,-0.693101203,35,M
24,2,10,0,1,2.568551519,35,M
24,2,11,0,0,0.394116371,35,M
24,2,12,0,0,0.394116371,35,M
24,2,13,0,0,0.937725158,35,M
24,2,14,0,0,1.481333945,35,M
24,2,15,0,0,2.024942732,35,M
24,2,16,0,0,0.937725158,35,M
24,2,17,0,0,-0.693101203,35,M
24,2,18,0,0,2.024942732,35,M
24,2,19,0,0,0.937725158,35,M
24,2,20,0,0,0.937725158,35,M
24,2,21,1,1,-0.693101203,35,M
24,2,22,1,1,-0.693101203,35,M
24,2,23,1,1,-0.693101203,35,M
24,2,24,1,1,-0.693101203,35,M
24,2,25,1,1,-0.693101203,35,M
24,2,26,1,1,0.394116371,35,M
24,2,27,1,1,-0.693101203,35,M
24,2,28,1,1,-0.693101203,35,M
24,2,29,1,1,-0.693101203,35,M
24,2,30,1,1,-0.693101203,35,M
24,2,31,1,0,-0.693101203,35,M
24,2,32,1,0,-0.693101203,35,M
24,2,33,1,0,-0.693101203,35,M
24,2,34,1,0,-0.149492416,35,M
24,2,35,1,0,-0.693101203,35,M
24,2,36,1,0,-0.693101203,35,M
24,2,37,1,0,-0.693101203,35,M
24,2,38,1,0,-0.693101203,35,M
24,2,39,1,0,-0.693101203,35,M
24,2,40,1,0,-0.693101203,35,M
25,2,1,0,1,0.993628969,25,F
25,2,2,0,1,-0.876731443,25,F
25,2,3,0,1,0.993628969,25,F
25,2,4,0,1,0.526038866,25,F
25,2,5,0,1,0.993628969,25,F
25,2,6,0,1,0.058448763,25,F
25,2,7,0,1,-0.876731443,25,F
25,2,8,0,1,0.993628969,25,F
25,2,9,0,1,-0.40914134,25,F
25,2,10,0,1,1.461219072,25,F
25,2,11,0,0,1.461219072,25,F
25,2,12,0,0,0.993628969,25,F
25,2,13,0,0,1.461219072,25,F
25,2,14,0,0,0.993628969,25,F
25,2,15,0,0,1.461219072,25,F
25,2,16,0,0,0.058448763,25,F
25,2,17,0,0,1.461219072,25,F
25,2,18,0,0,1.461219072,25,F
25,2,19,0,0,-0.40914134,25,F
25,2,20,0,0,1.461219072,25,F
25,2,21,1,1,-0.876731443,25,F
25,2,22,1,1,0.058448763,25,F
25,2,23,1,1,-0.876731443,25,F
25,2,24,1,1,-0.876731443,25,F
25,2,25,1,1,-0.876731443,25,F
25,2,26,1,1,1.461219072,25,F
25,2,27,1,1,-0.876731443,25,F
25,2,28,1,1,-0.876731443,25,F
25,2,29,1,1,-0.876731443,25,F
25,2,30,1,1,-0.876731443,25,F
25,2,31,1,0,-0.876731443,25,F
25,2,32,1,0,-0.876731443,25,F
25,2,33,1,0,-0.876731443,25,F
25,2,34,1,0,-0.876731443,25,F
25,2,35,1,0,-0.876731443,25,F
25,2,36,1,0,-0.876731443,25,F
25,2,37,1,0,-0.876731443,25,F
25,2,38,1,0,-0.876731443,25,F
25,2,39,1,0,-0.876731443,25,F
25,2,40,1,0,-0.876731443,25,F
26,2,1,0,1,1.531764405,35,M
26,2,2,0,1,-0.894793069,35,M
26,2,3,0,1,0.925125037,35,M
26,2,4,0,1,0.925125037,35,M
26,2,5,0,1,0.925125037,35,M
26,2,6,0,1,-0.894793069,35,M
26,2,7,0,1,1.531764405,35,M
26,2,8,0,1,0.318485668,35,M
26,2,9,0,1,1.531764405,35,M
26,2,10,0,1,1.531764405,35,M
26,2,11,0,0,1.531764405,35,M
26,2,12,0,0,0.925125037,35,M
26,2,13,0,0,0.925125037,35,M
26,2,14,0,0,0.318485668,35,M
26,2,15,0,0,1.531764405,35,M
26,2,16,0,0,1.531764405,35,M
26,2,17,0,0,0.318485668,35,M
26,2,18,0,0,0.318485668,35,M
26,2,19,0,0,0.925125037,35,M
26,2,20,0,0,0.925125037,35,M
26,2,21,1,1,-0.894793069,35,M
26,2,22,1,1,-0.2881537,35,M
26,2,23,1,1,-0.894793069,35,M
26,2,24,1,1,-0.2881537,35,M
26,2,25,1,1,-0.894793069,35,M
26,2,26,1,1,-0.894793069,35,M
26,2,27,1,1,-0.894793069,35,M
26,2,28,1,1,-0.894793069,35,M
26,2,29,1,1,-0.894793069,35,M
26,2,30,1,1,-0.894793069,35,M
26,2,31,1,0,-0.894793069,35,M
26,2,32,1,0,-0.894793069,35,M
26,2,33,1,0,-0.894793069,35,M
26,2,34,1,0,-0.894793069,35,M
26,2,35,1,0,-0.894793069,35,M
26,2,36,1,0,-0.894793069,35,M
26,2,37,1,0,-0.894793069,35,M
26,2,38,1,0,-0.894793069,35,M
26,2,39,1,0,-0.894793069,35,M
26,2,40,1,0,-0.894793069,35,M
27,2,1,0,1,-0.414799739,55,M
27,2,2,0,1,-0.414799739,55,M
27,2,3,0,1,-0.414799739,55,M
27,2,4,0,1,2.350531855,55,M
27,2,5,0,1,-0.414799739,55,M
27,2,6,0,1,-0.414799739,55,M
27,2,7,0,1,-0.414799739,55,M
27,2,8,0,1,-0.414799739,55,M
27,2,9,0,1,-0.414799739,55,M
27,2,10,0,1,-0.414799739,55,M
27,2,11,0,0,-0.414799739,55,M
27,2,12,0,0,-0.414799739,55,M
27,2,13,0,0,-0.414799739,55,M
27,2,14,0,0,2.350531855,55,M
27,2,15,0,0,2.350531855,55,M
27,2,16,0,0,2.350531855,55,M
27,2,17,0,0,-0.414799739,55,M
27,2,18,0,0,2.350531855,55,M
27,2,19,0,0,2.350531855,55,M
27,2,20,0,0,-0.414799739,55,M
27,2,21,1,1,-0.414799739,55,M
27,2,22,1,1,-0.414799739,55,M
27,2,23,1,1,-0.414799739,55,M
27,2,24,1,1,-0.414799739,55,M
27,2,25,1,1,-0.414799739,55,M
27,2,26,1,1,-0.414799739,55,M
27,2,27,1,1,-0.414799739,55,M
27,2,28,1,1,-0.414799739,55,M
27,2,29,1,1,-0.414799739,55,M
27,2,30,1,1,-0.414799739,55,M
27,2,31,1,0,-0.414799739,55,M
27,2,32,1,0,-0.414799739,55,M
27,2,33,1,0,-0.414799739,55,M
27,2,34,1,0,-0.414799739,55,M
27,2,35,1,0,-0.414799739,55,M
27,2,36,1,0,-0.414799739,55,M
27,2,37,1,0,-0.414799739,55,M
27,2,38,1,0,-0.414799739,55,M
27,2,39,1,0,-0.414799739,55,M
27,2,40,1,0,-0.414799739,55,M
28,2,1,0,1,-0.736316828,25,F
28,2,2,0,1,-0.736316828,25,F
28,2,3,0,1,1.445362663,25,F
28,2,4,0,1,1.445362663,25,F
28,2,5,0,1,0.89994279,25,F
28,2,6,0,1,-0.736316828,25,F
28,2,7,0,1,1.445362663,25,F
28,2,8,0,1,0.354522917,25,F
28,2,9,0,1,-0.736316828,25,F
28,2,10,0,1,1.990782535,25,F
28,2,11,0,0,1.445362663,25,F
28,2,12,0,0,1.445362663,25,F
28,2,13,0,0,1.990782535,25,F
28,2,14,0,0,0.89994279,25,F
28,2,15,0,0,0.89994279,25,F
28,2,16,0,0,1.445362663,25,F
28,2,17,0,0,-0.190896955,25,F
28,2,18,0,0,1.445362663,25,F
28,2,19,0,0,0.89994279,25,F
28,2,20,0,0,-0.190896955,25,F
28,2,21,1,1,-0.736316828,25,F
28,2,22,1,1,-0.736316828,25,F
28,2,23,1,1,-0.736316828,25,F
28,2,24,1,1,-0.736316828,25,F
28,2,25,1,1,-0.736316828,25,F
28,2,26,1,1,-0.736316828,25,F
28,2,27,1,1,-0.736316828,25,F
28,2,28,1,1,-0.736316828,25,F
28,2,29,1,1,-0.736316828,25,F
28,2,30,1,1,-0.736316828,25,F
28,2,31,1,0,-0.736316828,25,F
28,2,32,1,0,-0.736316828,25,F
28,2,33,1,0,-0.736316828,25,F
28,2,34,1,0,-0.736316828,25,F
28,2,35,1,0,-0.736316828,25,F
28,2,36,1,0,-0.736316828,25,F
28,2,37,1,0,-0.736316828,25,F
28,2,38,1,0,-0.736316828,25,F
28,2,39,1,0,-0.736316828,25,F
28,2,40,1,0,-0.736316828,25,F
29,2,1,0,1,0.230350221,25,F
29,2,2,0,1,-0.345525332,25,F
29,2,3,0,1,1.382101328,25,F
29,2,4,0,1,1.382101328,25,F
29,2,5,0,1,1.382101328,25,F
29,2,6,0,1,0.806225775,25,F
29,2,7,0,1,1.382101328,25,F
29,2,8,0,1,0.230350221,25,F
29,2,9,0,1,0.230350221,25,F
29,2,10,0,1,1.382101328,25,F
29,2,11,0,0,0.230350221,25,F
29,2,12,0,0,0.230350221,25,F
29,2,13,0,0,1.382101328,25,F
29,2,14,0,0,0.806225775,25,F
29,2,15,0,0,-0.921400886,25,F
29,2,16,0,0,0.230350221,25,F
29,2,17,0,0,0.230350221,25,F
29,2,18,0,0,0.806225775,25,F
29,2,19,0,0,1.382101328,25,F
29,2,20,0,0,1.382101328,25,F
29,2,21,1,1,-0.921400886,25,F
29,2,22,1,1,-1.497276439,25,F
29,2,23,1,1,-0.921400886,25,F
29,2,24,1,1,-1.497276439,25,F
29,2,25,1,1,-1.497276439,25,F
29,2,26,1,1,0.806225775,25,F
29,2,27,1,1,-0.345525332,25,F
29,2,28,1,1,-0.921400886,25,F
29,2,29,1,1,-0.921400886,25,F
29,2,30,1,1,-0.921400886,25,F
29,2,31,1,0,0.230350221,25,F
29,2,32,1,0,-1.497276439,25,F
29,2,33,1,0,-0.921400886,25,F
29,2,34,1,0,-0.345525332,25,F
29,2,35,1,0,-0.345525332,25,F
29,2,36,1,0,0.230350221,25,F
29,2,37,1,0,-1.497276439,25,F
29,2,38,1,0,-1.497276439,25,F
29,2,39,1,0,0.806225775,25,F
29,2,40,1,0,-0.345525332,25,F
30,2,1,0,1,-0.206316554,25,F
30,2,2,0,1,-0.841136718,25,F
30,2,3,0,1,1.063323776,25,F
30,2,4,0,1,1.698143941,25,F
30,2,5,0,1,-0.841136718,25,F
30,2,6,0,1,0.428503611,25,F
30,2,7,0,1,-0.841136718,25,F
30,2,8,0,1,-0.206316554,25,F
30,2,9,0,1,1.063323776,25,F
30,2,10,0,1,0.428503611,25,F
30,2,11,0,0,1.063323776,25,F
30,2,12,0,0,1.698143941,25,F
30,2,13,0,0,1.698143941,25,F
30,2,14,0,0,-0.206316554,25,F
30,2,15,0,0,1.698143941,25,F
30,2,16,0,0,1.063323776,25,F
30,2,17,0,0,-0.206316554,25,F
30,2,18,0,0,1.698143941,25,F
30,2,19,0,0,1.063323776,25,F
30,2,20,0,0,2.332964106,25,F
30,2,21,1,1,-0.841136718,25,F
30,2,22,1,1,-0.206316554,25,F
30,2,23,1,1,-0.841136718,25,F
30,2,24,1,1,-0.841136718,25,F
30,2,25,1,1,-0.841136718,25,F
30,2,26,1,1,-0.206316554,25,F
30,2,27,1,1,-0.841136718,25,F
30,2,28,1,1,-0.841136718,25,F
30,2,29,1,1,-0.841136718,25,F
30,2,30,1,1,-0.841136718,25,F
30,2,31,1,0,-0.206316554,25,F
30,2,32,1,0,-0.841136718,25,F
30,2,33,1,0,-0.841136718,25,F
30,2,34,1,0,-0.841136718,25,F
30,2,35,1,0,-0.841136718,25,F
30,2,36,1,0,-0.206316554,25,F
30,2,37,1,0,-0.841136718,25,F
30,2,38,1,0,-0.841136718,25,F
30,2,39,1,0,-0.841136718,25,F
30,2,40,1,0,-0.206316554,25,F
31,3,21,0,0,-0.166825826,45,F
31,3,22,0,0,2.259731648,45,F
31,3,23,0,0,1.046452911,45,F
31,3,24,0,0,1.653092279,45,F
31,3,25,0,0,1.653092279,45,F
31,3,26,0,0,1.653092279,45,F
31,3,27,0,0,1.046452911,45,F
31,3,28,0,0,1.653092279,45,F
31,3,29,0,0,1.653092279,45,F
31,3,30,0,0,1.653092279,45,F
31,3,31,0,1,-0.773465195,45,F
31,3,32,0,1,0.439813542,45,F
31,3,33,0,1,1.046452911,45,F
31,3,34,0,1,-0.773465195,45,F
31,3,35,0,1,0.439813542,45,F
31,3,36,0,1,-0.773465195,45,F
31,3,37,0,1,0.439813542,45,F
31,3,38,0,1,0.439813542,45,F
31,3,39,0,1,-0.773465195,45,F
31,3,40,0,1,0.439813542,45,F
31,3,1,1,0,-0.773465195,45,F
31,3,2,1,0,-0.773465195,45,F
31,3,3,1,0,-0.773465195,45,F
31,3,4,1,0,-0.773465195,45,F
31,3,5,1,0,-0.773465195,45,F
31,3,6,1,0,-0.773465195,45,F
31,3,7,1,0,-0.773465195,45,F
31,3,8,1,0,-0.773465195,45,F
31,3,9,1,0,-0.166825826,45,F
31,3,10,1,0,-0.773465195,45,F
31,3,11,1,1,-0.166825826,45,F
31,3,12,1,1,-0.773465195,45,F
31,3,13,1,1,-0.773465195,45,F
31,3,14,1,1,-0.773465195,45,F
31,3,15,1,1,-0.773465195,45,F
31,3,16,1,1,-0.773465195,45,F
31,3,17,1,1,-0.773465195,45,F
31,3,18,1,1,-0.773465195,45,F
31,3,19,1,1,-0.773465195,45,F
31,3,20,1,1,-0.773465195,45,F
32,3,21,0,0,1.70323944,25,M
32,3,22,0,0,1.187106276,25,M
32,3,23,0,0,1.187106276,25,M
32,3,24,0,0,1.70323944,25,M
32,3,25,0,0,1.70323944,25,M
32,3,26,0,0,1.70323944,25,M
32,3,27,0,0,1.187106276,25,M
32,3,28,0,0,0.670973113,25,M
32,3,29,0,0,1.187106276,25,M
32,3,30,0,0,1.187106276,25,M
32,3,31,0,1,-0.361293215,25,M
32,3,32,0,1,0.154839949,25,M
32,3,33,0,1,1.187106276,25,M
32,3,34,0,1,1.187106276,25,M
32,3,35,0,1,-0.361293215,25,M
32,3,36,0,1,0.154839949,25,M
32,3,37,0,1,-0.877426378,25,M
32,3,38,0,1,1.187106276,25,M
32,3,39,0,1,-0.877426378,25,M
32,3,40,0,1,-0.877426378,25,M
32,3,1,1,0,-0.877426378,25,M
32,3,2,1,0,-0.361293215,25,M
32,3,3,1,0,-0.877426378,25,M
32,3,4,1,0,-0.877426378,25,M
32,3,5,1,0,0.154839949,25,M
32,3,6,1,0,0.670973113,25,M
32,3,7,1,0,-0.877426378,25,M
32,3,8,1,0,-0.877426378,25,M
32,3,9,1,0,-0.877426378,25,M
32,3,10,1,0,-0.877426378,25,M
32,3,11,1,1,-0.877426378,25,M
32,3,12,1,1,-0.877426378,25,M
32,3,13,1,1,-0.361293215,25,M
32,3,14,1,1,-0.877426378,25,M
32,3,15,1,1,-0.877426378,25,M
32,3,16,1,1,-0.877426378,25,M
32,3,17,1,1,-0.877426378,25,M
32,3,18,1,1,-0.877426378,25,M
32,3,19,1,1,-0.877426378,25,M
32,3,20,1,1,-0.877426378,25,M
33,3,21,0,0,-0.118871505,35,F
33,3,22,0,0,1.069843548,35,F
33,3,23,0,0,0.475486021,35,F
33,3,24,0,0,2.258558602,35,F
33,3,25,0,0,2.258558602,35,F
33,3,26,0,0,-0.118871505,35,F
33,3,27,0,0,1.664201075,35,F
33,3,28,0,0,2.258558602,35,F
33,3,29,0,0,1.069843548,35,F
33,3,30,0,0,1.664201075,35,F
33,3,31,0,1,-0.713229032,35,F
33,3,32,0,1,1.069843548,35,F
33,3,33,0,1,0.475486021,35,F
33,3,34,0,1,-0.713229032,35,F
33,3,35,0,1,-0.118871505,35,F
33,3,36,0,1,-0.713229032,35,F
33,3,37,0,1,1.069843548,35,F
33,3,38,0,1,0.475486021,35,F
33,3,39,0,1,-0.713229032,35,F
33,3,40,0,1,-0.713229032,35,F
33,3,1,1,0,-0.713229032,35,F
33,3,2,1,0,-0.713229032,35,F
33,3,3,1,0,-0.713229032,35,F
33,3,4,1,0,-0.713229032,35,F
33,3,5,1,0,-0.713229032,35,F
33,3,6,1,0,-0.713229032,35,F
33,3,7,1,0,-0.713229032,35,F
33,3,8,1,0,-0.713229032,35,F
33,3,9,1,0,-0.118871505,35,F
33,3,10,1,0,-0.713229032,35,F
33,3,11,1,1,-0.713229032,35,F
33,3,12,1,1,-0.713229032,35,F
33,3,13,1,1,-0.713229032,35,F
33,3,14,1,1,1.069843548,35,F
33,3,15,1,1,-0.713229032,35,F
33,3,16,1,1,-0.713229032,35,F
33,3,17,1,1,-0.713229032,35,F
33,3,18,1,1,-0.713229032,35,F
33,3,19,1,1,-0.713229032,35,F
33,3,20,1,1,-0.713229032,35,F
34,3,21,0,0,1.776268267,25,F
34,3,22,0,0,3.337822788,25,F
34,3,23,0,0,0.214713747,25,F
34,3,24,0,0,1.776268267,25,F
34,3,25,0,0,2.557045527,25,F
34,3,26,0,0,0.995491007,25,F
34,3,27,0,0,0.214713747,25,F
34,3,28,0,0,1.776268267,25,F
34,3,29,0,0,0.995491007,25,F
34,3,30,0,0,-0.566063514,25,F
34,3,31,0,1,0.214713747,25,F
34,3,32,0,1,-0.566063514,25,F
34,3,33,0,1,0.995491007,25,F
34,3,34,0,1,-0.566063514,25,F
34,3,35,0,1,-0.566063514,25,F
34,3,36,0,1,0.214713747,25,F
34,3,37,0,1,-0.566063514,25,F
34,3,38,0,1,0.214713747,25,F
34,3,39,0,1,-0.566063514,25,F
34,3,40,0,1,-0.566063514,25,F
34,3,1,1,0,-0.566063514,25,F
34,3,2,1,0,-0.566063514,25,F
34,3,3,1,0,-0.566063514,25,F
34,3,4,1,0,-0.566063514,25,F
34,3,5,1,0,-0.566063514,25,F
34,3,6,1,0,-0.566063514,25,F
34,3,7,1,0,-0.566063514,25,F
34,3,8,1,0,-0.566063514,25,F
34,3,9,1,0,-0.566063514,25,F
34,3,10,1,0,-0.566063514,25,F
34,3,11,1,1,-0.566063514,25,F
34,3,12,1,1,-0.566063514,25,F
34,3,13,1,1,-0.566063514,25,F
34,3,14,1,1,-0.566063514,25,F
34,3,15,1,1,-0.566063514,25,F
34,3,16,1,1,-0.566063514,25,F
34,3,17,1,1,-0.566063514,25,F
34,3,18,1,1,-0.566063514,25,F
34,3,19,1,1,-0.566063514,25,F
34,3,20,1,1,-0.566063514,25,F
35,3,21,0,0,-0.443794159,25,F
35,3,22,0,0,-0.443794159,25,F
35,3,23,0,0,1.976901253,25,F
35,3,24,0,0,1.170002782,25,F
35,3,25,0,0,3.590698194,25,F
35,3,26,0,0,1.976901253,25,F
35,3,27,0,0,-0.443794159,25,F
35,3,28,0,0,2.783799724,25,F
35,3,29,0,0,-0.443794159,25,F
35,3,30,0,0,1.170002782,25,F
35,3,31,0,1,-0.443794159,25,F
35,3,32,0,1,-0.443794159,25,F
35,3,33,0,1,-0.443794159,25,F
35,3,34,0,1,-0.443794159,25,F
35,3,35,0,1,-0.443794159,25,F
35,3,36,0,1,-0.443794159,25,F
35,3,37,0,1,-0.443794159,25,F
35,3,38,0,1,0.363104312,25,F
35,3,39,0,1,-0.443794159,25,F
35,3,40,0,1,-0.443794159,25,F
35,3,1,1,0,-0.443794159,25,F
35,3,2,1,0,-0.443794159,25,F
35,3,3,1,0,-0.443794159,25,F
35,3,4,1,0,-0.443794159,25,F
35,3,5,1,0,-0.443794159,25,F
35,3,6,1,0,-0.443794159,25,F
35,3,7,1,0,-0.443794159,25,F
35,3,8,1,0,-0.443794159,25,F
35,3,9,1,0,-0.443794159,25,F
35,3,10,1,0,-0.443794159,25,F
35,3,11,1,1,-0.443794159,25,F
35,3,12,1,1,-0.443794159,25,F
35,3,13,1,1,-0.443794159,25,F
35,3,14,1,1,1.170002782,25,F
35,3,15,1,1,-0.443794159,25,F
35,3,16,1,1,-0.443794159,25,F
35,3,17,1,1,-0.443794159,25,F
35,3,18,1,1,-0.443794159,25,F
35,3,19,1,1,-0.443794159,25,F
35,3,20,1,1,-0.443794159,25,F
36,3,21,0,0,-0.550703539,35,M
36,3,22,0,0,1.247512099,35,M
36,3,23,0,0,1.697066008,35,M
36,3,24,0,0,0.34840428,35,M
36,3,25,0,0,1.247512099,35,M
36,3,26,0,0,-1.000257448,35,M
36,3,27,0,0,1.697066008,35,M
36,3,28,0,0,1.247512099,35,M
36,3,29,0,0,-1.000257448,35,M
36,3,30,0,0,1.697066008,35,M
36,3,31,0,1,-0.10114963,35,M
36,3,32,0,1,0.34840428,35,M
36,3,33,0,1,1.697066008,35,M
36,3,34,0,1,-1.000257448,35,M
36,3,35,0,1,-0.10114963,35,M
36,3,36,0,1,1.247512099,35,M
36,3,37,0,1,0.797958189,35,M
36,3,38,0,1,-1.000257448,35,M
36,3,39,0,1,-1.000257448,35,M
36,3,40,0,1,-0.10114963,35,M
36,3,1,1,0,-1.000257448,35,M
36,3,2,1,0,-0.10114963,35,M
36,3,3,1,0,-0.550703539,35,M
36,3,4,1,0,-1.000257448,35,M
36,3,5,1,0,-0.10114963,35,M
36,3,6,1,0,-1.000257448,35,M
36,3,7,1,0,-1.000257448,35,M
36,3,8,1,0,-0.550703539,35,M
36,3,9,1,0,0.797958189,35,M
36,3,10,1,0,-0.550703539,35,M
36,3,11,1,1,1.247512099,35,M
36,3,12,1,1,-0.550703539,35,M
36,3,13,1,1,-0.550703539,35,M
36,3,14,1,1,-1.000257448,35,M
36,3,15,1,1,-0.550703539,35,M
36,3,16,1,1,-1.000257448,35,M
36,3,17,1,1,1.697066008,35,M
36,3,18,1,1,-1.000257448,35,M
36,3,19,1,1,-1.000257448,35,M
36,3,20,1,1,0.34840428,35,M
37,3,21,0,0,1.282970122,35,F
37,3,22,0,0,1.690262225,35,F
37,3,23,0,0,1.690262225,35,F
37,3,24,0,0,1.690262225,35,F
37,3,25,0,0,-0.753490389,35,F
37,3,26,0,0,1.690262225,35,F
37,3,27,0,0,1.690262225,35,F
37,3,28,0,0,1.282970122,35,F
37,3,29,0,0,1.282970122,35,F
37,3,30,0,0,1.282970122,35,F
37,3,31,0,1,-0.753490389,35,F
37,3,32,0,1,1.282970122,35,F
37,3,33,0,1,1.282970122,35,F
37,3,34,0,1,1.282970122,35,F
37,3,35,0,1,-0.753490389,35,F
37,3,36,0,1,-0.346198287,35,F
37,3,37,0,1,-0.753490389,35,F
37,3,38,0,1,-0.346198287,35,F
37,3,39,0,1,-0.753490389,35,F
37,3,40,0,1,-0.753490389,35,F
37,3,1,1,0,-0.753490389,35,F
37,3,2,1,0,-0.753490389,35,F
37,3,3,1,0,-0.753490389,35,F
37,3,4,1,0,-0.346198287,35,F
37,3,5,1,0,-0.753490389,35,F
37,3,6,1,0,-0.753490389,35,F
37,3,7,1,0,-0.753490389,35,F
37,3,8,1,0,-0.753490389,35,F
37,3,9,1,0,-0.753490389,35,F
37,3,10,1,0,-0.753490389,35,F
37,3,11,1,1,-0.753490389,35,F
37,3,12,1,1,-0.753490389,35,F
37,3,13,1,1,-0.753490389,35,F
37,3,14,1,1,0.468385918,35,F
37,3,15,1,1,-0.753490389,35,F
37,3,16,1,1,-0.753490389,35,F
37,3,17,1,1,-0.753490389,35,F
37,3,18,1,1,-0.753490389,35,F
37,3,19,1,1,-0.346198287,35,F
37,3,20,1,1,0.061093815,35,F
38,3,21,0,0,-0.819423436,35,M
38,3,22,0,0,1.701879444,35,M
38,3,23,0,0,0.189097716,35,M
38,3,24,0,0,-0.819423436,35,M
38,3,25,0,0,2.20614002,35,M
38,3,26,0,0,1.197618868,35,M
38,3,27,0,0,1.701879444,35,M
38,3,28,0,0,0.189097716,35,M
38,3,29,0,0,1.197618868,35,M
38,3,30,0,0,-0.819423436,35,M
38,3,31,0,1,-0.819423436,35,M
38,3,32,0,1,1.197618868,35,M
38,3,33,0,1,1.197618868,35,M
38,3,34,0,1,0.693358292,35,M
38,3,35,0,1,1.197618868,35,M
38,3,36,0,1,0.693358292,35,M
38,3,37,0,1,-0.819423436,35,M
38,3,38,0,1,0.189097716,35,M
38,3,39,0,1,-0.819423436,35,M
38,3,40,0,1,-0.31516286,35,M
38,3,1,1,0,-0.819423436,35,M
38,3,2,1,0,-0.819423436,35,M
38,3,3,1,0,-0.819423436,35,M
38,3,4,1,0,1.701879444,35,M
38,3,5,1,0,-0.819423436,35,M
38,3,6,1,0,-0.819423436,35,M
38,3,7,1,0,-0.819423436,35,M
38,3,8,1,0,-0.819423436,35,M
38,3,9,1,0,1.197618868,35,M
38,3,10,1,0,-0.819423436,35,M
38,3,11,1,1,-0.819423436,35,M
38,3,12,1,1,-0.819423436,35,M
38,3,13,1,1,-0.31516286,35,M
38,3,14,1,1,-0.819423436,35,M
38,3,15,1,1,0.189097716,35,M
38,3,16,1,1,1.197618868,35,M
38,3,17,1,1,-0.819423436,35,M
38,3,18,1,1,-0.819423436,35,M
38,3,19,1,1,-0.819423436,35,M
38,3,20,1,1,-0.819423436,35,M
39,3,21,0,0,0.403462054,25,M
39,3,22,0,0,0.878123294,25,M
39,3,23,0,0,0.878123294,25,M
39,3,24,0,0,0.403462054,25,M
39,3,25,0,0,-1.495182906,25,M
39,3,26,0,0,0.878123294,25,M
39,3,27,0,0,0.878123294,25,M
39,3,28,0,0,-0.071199186,25,M
39,3,29,0,0,0.878123294,25,M
39,3,30,0,0,-1.020521666,25,M
39,3,31,0,1,-1.020521666,25,M
39,3,32,0,1,0.878123294,25,M
39,3,33,0,1,0.878123294,25,M
39,3,34,0,1,-0.071199186,25,M
39,3,35,0,1,0.403462054,25,M
39,3,36,0,1,-0.071199186,25,M
39,3,37,0,1,0.878123294,25,M
39,3,38,0,1,0.403462054,25,M
39,3,39,0,1,0.878123294,25,M
39,3,40,0,1,0.403462054,25,M
39,3,1,1,0,-1.969844147,25,M
39,3,2,1,0,0.403462054,25,M
39,3,3,1,0,-1.020521666,25,M
39,3,4,1,0,0.403462054,25,M
39,3,5,1,0,0.878123294,25,M
39,3,6,1,0,0.878123294,25,M
39,3,7,1,0,-1.020521666,25,M
39,3,8,1,0,0.403462054,25,M
39,3,9,1,0,-0.071199186,25,M
39,3,10,1,0,0.403462054,25,M
39,3,11,1,1,-1.969844147,25,M
39,3,12,1,1,0.878123294,25,M
39,3,13,1,1,-1.495182906,25,M
39,3,14,1,1,0.403462054,25,M
39,3,15,1,1,0.878123294,25,M
39,3,16,1,1,-1.969844147,25,M
39,3,17,1,1,-1.495182906,25,M
39,3,18,1,1,0.878123294,25,M
39,3,19,1,1,-1.969844147,25,M
39,3,20,1,1,0.403462054,25,M
40,3,21,0,0,-1.432700799,35,F
40,3,22,0,0,-1.432700799,35,F
40,3,23,0,0,2.149051198,35,F
40,3,24,0,0,-1.432700799,35,F
40,3,25,0,0,0.716350399,35,F
40,3,26,0,0,0.716350399,35,F
40,3,27,0,0,0.716350399,35,F
40,3,28,0,0,0.716350399,35,F
40,3,29,0,0,0.716350399,35,F
40,3,30,0,0,0.716350399,35,F
40,3,31,0,1,-1.432700799,35,F
40,3,32,0,1,0.716350399,35,F
40,3,33,0,1,0.716350399,35,F
40,3,34,0,1,0.716350399,35,F
40,3,35,0,1,-0.716350399,35,F
40,3,36,0,1,0.716350399,35,F
40,3,37,0,1,0.716350399,35,F
40,3,38,0,1,0.716350399,35,F
40,3,39,0,1,0.716350399,35,F
40,3,40,0,1,-1.432700799,35,F
40,3,1,1,0,-1.432700799,35,F
40,3,2,1,0,0.716350399,35,F
40,3,3,1,0,0.716350399,35,F
40,3,4,1,0,-1.432700799,35,F
40,3,5,1,0,0.716350399,35,F
40,3,6,1,0,0.716350399,35,F
40,3,7,1,0,0,35,F
40,3,8,1,0,0.716350399,35,F
40,3,9,1,0,-0.716350399,35,F
40,3,10,1,0,0,35,F
40,3,11,1,1,-1.432700799,35,F
40,3,12,1,1,0.716350399,35,F
40,3,13,1,1,-1.432700799,35,F
40,3,14,1,1,-1.432700799,35,F
40,3,15,1,1,0,35,F
40,3,16,1,1,0,35,F
40,3,17,1,1,0.716350399,35,F
40,3,18,1,1,0,35,F
40,3,19,1,1,0.716350399,35,F
40,3,20,1,1,-1.432700799,35,F
41,3,21,0,0,2.037964024,25,F
41,3,22,0,0,1.479617716,25,F
41,3,23,0,0,0.921271408,25,F
41,3,24,0,0,2.037964024,25,F
41,3,25,0,0,0.3629251,25,F
41,3,26,0,0,2.037964024,25,F
41,3,27,0,0,1.479617716,25,F
41,3,28,0,0,1.479617716,25,F
41,3,29,0,0,0.921271408,25,F
41,3,30,0,0,0.921271408,25,F
41,3,31,0,1,-0.195421208,25,F
41,3,32,0,1,-0.195421208,25,F
41,3,33,0,1,0.921271408,25,F
41,3,34,0,1,0.3629251,25,F
41,3,35,0,1,-0.753767516,25,F
41,3,36,0,1,0.3629251,25,F
41,3,37,0,1,0.921271408,25,F
41,3,38,0,1,1.479617716,25,F
41,3,39,0,1,-0.753767516,25,F
41,3,40,0,1,-0.753767516,25,F
41,3,1,1,0,-0.753767516,25,F
41,3,2,1,0,-0.753767516,25,F
41,3,3,1,0,-0.753767516,25,F
41,3,4,1,0,-0.753767516,25,F
41,3,5,1,0,-0.753767516,25,F
41,3,6,1,0,-0.753767516,25,F
41,3,7,1,0,-0.753767516,25,F
41,3,8,1,0,-0.753767516,25,F
41,3,9,1,0,-0.753767516,25,F
41,3,10,1,0,-0.753767516,25,F
41,3,11,1,1,-0.753767516,25,F
41,3,12,1,1,-0.753767516,25,F
41,3,13,1,1,-0.753767516,25,F
41,3,14,1,1,-0.753767516,25,F
41,3,15,1,1,-0.753767516,25,F
41,3,16,1,1,-0.753767516,25,F
41,3,17,1,1,-0.753767516,25,F
41,3,18,1,1,-0.753767516,25,F
41,3,19,1,1,-0.753767516,25,F
41,3,20,1,1,-0.753767516,25,F
42,3,21,0,0,1.56802961,55,F
42,3,22,0,0,0.684632647,55,F
42,3,23,0,0,0.242934165,55,F
42,3,24,0,0,1.126331128,55,F
42,3,25,0,0,0.684632647,55,F
42,3,26,0,0,0.684632647,55,F
42,3,27,0,0,0.684632647,55,F
42,3,28,0,0,0.684632647,55,F
42,3,29,0,0,0.684632647,55,F
42,3,30,0,0,0.684632647,55,F
42,3,31,0,1,0.684632647,55,F
42,3,32,0,1,1.126331128,55,F
42,3,33,0,1,1.126331128,55,F
42,3,34,0,1,-1.08216128,55,F
42,3,35,0,1,0.684632647,55,F
42,3,36,0,1,0.242934165,55,F
42,3,37,0,1,1.56802961,55,F
42,3,38,0,1,1.126331128,55,F
42,3,39,0,1,-1.08216128,55,F
42,3,40,0,1,-1.08216128,55,F
42,3,1,1,0,-1.08216128,55,F
42,3,2,1,0,-0.640462799,55,F
42,3,3,1,0,-1.08216128,55,F
42,3,4,1,0,-1.08216128,55,F
42,3,5,1,0,-1.08216128,55,F
42,3,6,1,0,-1.08216128,55,F
42,3,7,1,0,-1.08216128,55,F
42,3,8,1,0,0.242934165,55,F
42,3,9,1,0,1.56802961,55,F
42,3,10,1,0,-1.08216128,55,F
42,3,11,1,1,0.242934165,55,F
42,3,12,1,1,-1.08216128,55,F
42,3,13,1,1,-1.08216128,55,F
42,3,14,1,1,1.126331128,55,F
42,3,15,1,1,-1.08216128,55,F
42,3,16,1,1,-1.08216128,55,F
42,3,17,1,1,-1.08216128,55,F
42,3,18,1,1,1.126331128,55,F
42,3,19,1,1,-1.08216128,55,F
42,3,20,1,1,-0.640462799,55,F
43,3,21,0,0,1.041604845,25,M
43,3,22,0,0,-0.069440323,25,M
43,3,23,0,0,1.041604845,25,M
43,3,24,0,0,-1.180485491,25,M
43,3,25,0,0,1.597127429,25,M
43,3,26,0,0,1.597127429,25,M
43,3,27,0,0,0.486082261,25,M
43,3,28,0,0,0.486082261,25,M
43,3,29,0,0,0.486082261,25,M
43,3,30,0,0,-1.180485491,25,M
43,3,31,0,1,-0.624962907,25,M
43,3,32,0,1,-1.180485491,25,M
43,3,33,0,1,1.597127429,25,M
43,3,34,0,1,0.486082261,25,M
43,3,35,0,1,1.041604845,25,M
43,3,36,0,1,0.486082261,25,M
43,3,37,0,1,1.041604845,25,M
43,3,38,0,1,-0.069440323,25,M
43,3,39,0,1,-1.180485491,25,M
43,3,40,0,1,-1.736008075,25,M
43,3,1,1,0,-1.180485491,25,M
43,3,2,1,0,-0.069440323,25,M
43,3,3,1,0,1.041604845,25,M
43,3,4,1,0,1.041604845,25,M
43,3,5,1,0,0.486082261,25,M
43,3,6,1,0,-1.180485491,25,M
43,3,7,1,0,1.041604845,25,M
43,3,8,1,0,-0.069440323,25,M
43,3,9,1,0,-0.069440323,25,M
43,3,10,1,0,0.486082261,25,M
43,3,11,1,1,-0.624962907,25,M
43,3,12,1,1,-1.180485491,25,M
43,3,13,1,1,-1.180485491,25,M
43,3,14,1,1,-1.180485491,25,M
43,3,15,1,1,-0.624962907,25,M
43,3,16,1,1,-1.180485491,25,M
43,3,17,1,1,-0.624962907,25,M
43,3,18,1,1,1.041604845,25,M
43,3,19,1,1,-1.180485491,25,M
43,3,20,1,1,1.041604845,25,M
44,3,21,0,0,0.839693245,25,M
44,3,22,0,0,0.314884967,25,M
44,3,23,0,0,1.364501523,25,M
44,3,24,0,0,0.839693245,25,M
44,3,25,0,0,1.364501523,25,M
44,3,26,0,0,0.839693245,25,M
44,3,27,0,0,0.839693245,25,M
44,3,28,0,0,-0.734731589,25,M
44,3,29,0,0,-0.734731589,25,M
44,3,30,0,0,-0.209923311,25,M
44,3,31,0,1,0.839693245,25,M
44,3,32,0,1,1.364501523,25,M
44,3,33,0,1,1.364501523,25,M
44,3,34,0,1,0.839693245,25,M
44,3,35,0,1,-0.209923311,25,M
44,3,36,0,1,0.839693245,25,M
44,3,37,0,1,0.839693245,25,M
44,3,38,0,1,0.314884967,25,M
44,3,39,0,1,0.839693245,25,M
44,3,40,0,1,1.364501523,25,M
44,3,1,1,0,-1.259539868,25,M
44,3,2,1,0,-0.209923311,25,M
44,3,3,1,0,-1.784348146,25,M
44,3,4,1,0,0.839693245,25,M
44,3,5,1,0,-0.734731589,25,M
44,3,6,1,0,-1.784348146,25,M
44,3,7,1,0,-0.209923311,25,M
44,3,8,1,0,-0.209923311,25,M
44,3,9,1,0,0.314884967,25,M
44,3,10,1,0,-0.734731589,25,M
44,3,11,1,1,-0.209923311,25,M
44,3,12,1,1,0.839693245,25,M
44,3,13,1,1,-1.784348146,25,M
44,3,14,1,1,-1.784348146,25,M
44,3,15,1,1,0.314884967,25,M
44,3,16,1,1,-0.734731589,25,M
44,3,17,1,1,-1.259539868,25,M
44,3,18,1,1,-1.259539868,25,M
44,3,19,1,1,-0.734731589,25,M
44,3,20,1,1,-0.734731589,25,M
45,3,21,0,0,0.713014379,45,M
45,3,22,0,0,1.713736313,45,M
45,3,23,0,0,0.713014379,45,M
45,3,24,0,0,1.713736313,45,M
45,3,25,0,0,1.213375346,45,M
45,3,26,0,0,1.213375346,45,M
45,3,27,0,0,1.213375346,45,M
45,3,28,0,0,1.213375346,45,M
45,3,29,0,0,0.713014379,45,M
45,3,30,0,0,1.213375346,45,M
45,3,31,0,1,-0.788068524,45,M
45,3,32,0,1,0.713014379,45,M
45,3,33,0,1,1.713736313,45,M
45,3,34,0,1,-0.788068524,45,M
45,3,35,0,1,-0.788068524,45,M
45,3,36,0,1,-0.287707556,45,M
45,3,37,0,1,0.713014379,45,M
45,3,38,0,1,1.713736313,45,M
45,3,39,0,1,-0.788068524,45,M
45,3,40,0,1,-0.788068524,45,M
45,3,1,1,0,-0.788068524,45,M
45,3,2,1,0,-0.788068524,45,M
45,3,3,1,0,-0.788068524,45,M
45,3,4,1,0,-0.788068524,45,M
45,3,5,1,0,-0.788068524,45,M
45,3,6,1,0,-0.788068524,45,M
45,3,7,1,0,-0.788068524,45,M
45,3,8,1,0,-0.788068524,45,M
45,3,9,1,0,-0.788068524,45,M
45,3,10,1,0,-0.788068524,45,M
45,3,11,1,1,-0.788068524,45,M
45,3,12,1,1,-0.788068524,45,M
45,3,13,1,1,-0.788068524,45,M
45,3,14,1,1,-0.788068524,45,M
45,3,15,1,1,-0.788068524,45,M
45,3,16,1,1,-0.788068524,45,M
45,3,17,1,1,-0.788068524,45,M
45,3,18,1,1,0.212653411,45,M
45,3,19,1,1,-0.788068524,45,M
45,3,20,1,1,1.713736313,45,M
46,4,21,0,1,2.430243624,45,M
46,4,22,0,1,1.116598422,45,M
46,4,23,0,1,0.459775821,45,M
46,4,24,0,1,2.430243624,45,M
46,4,25,0,1,0.459775821,45,M
46,4,26,0,1,0.459775821,45,M
46,4,27,0,1,0.459775821,45,M
46,4,28,0,1,1.116598422,45,M
46,4,29,0,1,1.116598422,45,M
46,4,30,0,1,-0.19704678,45,M
46,4,31,0,0,0.459775821,45,M
46,4,32,0,0,-0.19704678,45,M
46,4,33,0,0,0.459775821,45,M
46,4,34,0,0,1.773421023,45,M
46,4,35,0,0,0.459775821,45,M
46,4,36,0,0,1.116598422,45,M
46,4,37,0,0,0.459775821,45,M
46,4,38,0,0,1.116598422,45,M
46,4,39,0,0,0.459775821,45,M
46,4,40,0,0,1.116598422,45,M
46,4,1,1,1,-0.853869381,45,M
46,4,2,1,1,-0.853869381,45,M
46,4,3,1,1,-0.853869381,45,M
46,4,4,1,1,-0.853869381,45,M
46,4,5,1,1,-0.853869381,45,M
46,4,6,1,1,-0.853869381,45,M
46,4,7,1,1,-0.853869381,45,M
46,4,8,1,1,-0.853869381,45,M
46,4,9,1,1,-0.853869381,45,M
46,4,10,1,1,-0.853869381,45,M
46,4,11,1,0,-0.853869381,45,M
46,4,12,1,0,-0.853869381,45,M
46,4,13,1,0,-0.853869381,45,M
46,4,14,1,0,-0.853869381,45,M
46,4,15,1,0,-0.853869381,45,M
46,4,16,1,0,-0.853869381,45,M
46,4,17,1,0,-0.853869381,45,M
46,4,18,1,0,-0.853869381,45,M
46,4,19,1,0,-0.853869381,45,M
46,4,20,1,0,-0.853869381,45,M
47,4,21,0,1,0.845687549,65,F
47,4,22,0,1,0.845687549,65,F
47,4,23,0,1,0.845687549,65,F
47,4,24,0,1,1.20942413,65,F
47,4,25,0,1,0.845687549,65,F
47,4,26,0,1,1.20942413,65,F
47,4,27,0,1,1.20942413,65,F
47,4,28,0,1,0.845687549,65,F
47,4,29,0,1,0.845687549,65,F
47,4,30,0,1,0.845687549,65,F
47,4,31,0,0,0.845687549,65,F
47,4,32,0,0,1.20942413,65,F
47,4,33,0,0,0.481950969,65,F
47,4,34,0,0,1.20942413,65,F
47,4,35,0,0,0.845687549,65,F
47,4,36,0,0,1.20942413,65,F
47,4,37,0,0,1.20942413,65,F
47,4,38,0,0,1.20942413,65,F
47,4,39,0,0,1.20942413,65,F
47,4,40,0,0,0.481950969,65,F
47,4,1,1,1,-0.972995352,65,F
47,4,2,1,1,-0.972995352,65,F
47,4,3,1,1,-0.972995352,65,F
47,4,4,1,1,-0.972995352,65,F
47,4,5,1,1,-0.972995352,65,F
47,4,6,1,1,-0.972995352,65,F
47,4,7,1,1,-0.972995352,65,F
47,4,8,1,1,-0.972995352,65,F
47,4,9,1,1,-0.972995352,65,F
47,4,10,1,1,-0.972995352,65,F
47,4,11,1,0,-0.972995352,65,F
47,4,12,1,0,-0.972995352,65,F
47,4,13,1,0,-0.972995352,65,F
47,4,14,1,0,-0.972995352,65,F
47,4,15,1,0,-0.972995352,65,F
47,4,16,1,0,-0.972995352,65,F
47,4,17,1,0,-0.972995352,65,F
47,4,18,1,0,-0.972995352,65,F
47,4,19,1,0,-0.972995352,65,F
47,4,20,1,0,-0.972995352,65,F
48,4,21,0,1,-0.840087592,55,F
48,4,22,0,1,-0.840087592,55,F
48,4,23,0,1,0.905548962,55,F
48,4,24,0,1,-0.840087592,55,F
48,4,25,0,1,1.341958101,55,F
48,4,26,0,1,0.905548962,55,F
48,4,27,0,1,0.905548962,55,F
48,4,28,0,1,-0.840087592,55,F
48,4,29,0,1,1.341958101,55,F
48,4,30,0,1,-0.840087592,55,F
48,4,31,0,0,0.905548962,55,F
48,4,32,0,0,1.341958101,55,F
48,4,33,0,0,1.341958101,55,F
48,4,34,0,0,1.341958101,55,F
48,4,35,0,0,0.905548962,55,F
48,4,36,0,0,0.905548962,55,F
48,4,37,0,0,1.341958101,55,F
48,4,38,0,0,1.341958101,55,F
48,4,39,0,0,1.341958101,55,F
48,4,40,0,0,1.341958101,55,F
48,4,1,1,1,-0.840087592,55,F
48,4,2,1,1,-0.840087592,55,F
48,4,3,1,1,-0.840087592,55,F
48,4,4,1,1,0.905548962,55,F
48,4,5,1,1,-0.840087592,55,F
48,4,6,1,1,-0.840087592,55,F
48,4,7,1,1,-0.840087592,55,F
48,4,8,1,1,0.905548962,55,F
48,4,9,1,1,-0.840087592,55,F
48,4,10,1,1,-0.840087592,55,F
48,4,11,1,0,-0.840087592,55,F
48,4,12,1,0,-0.840087592,55,F
48,4,13,1,0,-0.840087592,55,F
48,4,14,1,0,-0.840087592,55,F
48,4,15,1,0,-0.840087592,55,F
48,4,16,1,0,-0.840087592,55,F
48,4,17,1,0,-0.840087592,55,F
48,4,18,1,0,-0.840087592,55,F
48,4,19,1,0,-0.840087592,55,F
48,4,20,1,0,-0.840087592,55,F
49,4,21,0,1,0.321534177,25,M
49,4,22,0,1,0.933980228,25,M
49,4,23,0,1,0.933980228,25,M
49,4,24,0,1,-0.903357926,25,M
49,4,25,0,1,2.158872331,25,M
49,4,26,0,1,0.321534177,25,M
49,4,27,0,1,0.933980228,25,M
49,4,28,0,1,-0.903357926,25,M
49,4,29,0,1,0.321534177,25,M
49,4,30,0,1,2.158872331,25,M
49,4,31,0,0,1.54642628,25,M
49,4,32,0,0,0.933980228,25,M
49,4,33,0,0,0.321534177,25,M
49,4,34,0,0,-0.903357926,25,M
49,4,35,0,0,0.933980228,25,M
49,4,36,0,0,0.933980228,25,M
49,4,37,0,0,1.54642628,25,M
49,4,38,0,0,-0.903357926,25,M
49,4,39,0,0,-0.290911874,25,M
49,4,40,0,0,1.54642628,25,M
49,4,1,1,1,-0.903357926,25,M
49,4,2,1,1,-0.903357926,25,M
49,4,3,1,1,-0.903357926,25,M
49,4,4,1,1,-0.903357926,25,M
49,4,5,1,1,-0.290911874,25,M
49,4,6,1,1,0.321534177,25,M
49,4,7,1,1,-0.903357926,25,M
49,4,8,1,1,-0.903357926,25,M
49,4,9,1,1,-0.903357926,25,M
49,4,10,1,1,0.933980228,25,M
49,4,11,1,0,-0.903357926,25,M
49,4,12,1,0,-0.903357926,25,M
49,4,13,1,0,-0.903357926,25,M
49,4,14,1,0,-0.903357926,25,M
49,4,15,1,0,0.321534177,25,M
49,4,16,1,0,-0.903357926,25,M
49,4,17,1,0,-0.903357926,25,M
49,4,18,1,0,-0.903357926,25,M
49,4,19,1,0,0.321534177,25,M
49,4,20,1,0,-0.903357926,25,M
50,4,21,0,1,-0.513936217,25,F
50,4,22,0,1,-0.513936217,25,F
50,4,23,0,1,-0.513936217,25,F
50,4,24,0,1,-0.513936217,25,F
50,4,25,0,1,1.770224746,25,F
50,4,26,0,1,-0.513936217,25,F
50,4,27,0,1,-0.513936217,25,F
50,4,28,0,1,-0.513936217,25,F
50,4,29,0,1,2.912305228,25,F
50,4,30,0,1,0.628144265,25,F
50,4,31,0,0,-0.513936217,25,F
50,4,32,0,0,-0.513936217,25,F
50,4,33,0,0,1.770224746,25,F
50,4,34,0,0,2.912305228,25,F
50,4,35,0,0,0.628144265,25,F
50,4,36,0,0,-0.513936217,25,F
50,4,37,0,0,1.770224746,25,F
50,4,38,0,0,0.628144265,25,F
50,4,39,0,0,-0.513936217,25,F
50,4,40,0,0,0.628144265,25,F
50,4,1,1,1,-0.513936217,25,F
50,4,2,1,1,-0.513936217,25,F
50,4,3,1,1,-0.513936217,25,F
50,4,4,1,1,-0.513936217,25,F
50,4,5,1,1,-0.513936217,25,F
50,4,6,1,1,-0.513936217,25,F
50,4,7,1,1,-0.513936217,25,F
50,4,8,1,1,-0.513936217,25,F
50,4,9,1,1,-0.513936217,25,F
50,4,10,1,1,-0.513936217,25,F
50,4,11,1,0,-0.513936217,25,F
50,4,12,1,0,-0.513936217,25,F
50,4,13,1,0,-0.513936217,25,F
50,4,14,1,0,-0.513936217,25,F
50,4,15,1,0,-0.513936217,25,F
50,4,16,1,0,-0.513936217,25,F
50,4,17,1,0,-0.513936217,25,F
50,4,18,1,0,-0.513936217,25,F
50,4,19,1,0,-0.513936217,25,F
50,4,20,1,0,1.770224746,25,F
51,4,21,0,1,0.463069098,35,F
51,4,22,0,1,0.463069098,35,F
51,4,23,0,1,-0.694603647,35,F
51,4,24,0,1,-0.694603647,35,F
51,4,25,0,1,1.620741844,35,F
51,4,26,0,1,1.620741844,35,F
51,4,27,0,1,1.041905471,35,F
51,4,28,0,1,1.620741844,35,F
51,4,29,0,1,0.463069098,35,F
51,4,30,0,1,-0.694603647,35,F
51,4,31,0,0,1.620741844,35,F
51,4,32,0,0,2.199578216,35,F
51,4,33,0,0,-0.694603647,35,F
51,4,34,0,0,2.199578216,35,F
51,4,35,0,0,-0.115767275,35,F
51,4,36,0,0,0.463069098,35,F
51,4,37,0,0,1.620741844,35,F
51,4,38,0,0,-0.694603647,35,F
51,4,39,0,0,1.620741844,35,F
51,4,40,0,0,-0.115767275,35,F
51,4,1,1,1,-0.694603647,35,F
51,4,2,1,1,-0.694603647,35,F
51,4,3,1,1,-0.694603647,35,F
51,4,4,1,1,-0.694603647,35,F
51,4,5,1,1,-0.694603647,35,F
51,4,6,1,1,-0.694603647,35,F
51,4,7,1,1,-0.694603647,35,F
51,4,8,1,1,-0.694603647,35,F
51,4,9,1,1,-0.115767275,35,F
51,4,10,1,1,-0.694603647,35,F
51,4,11,1,0,-0.694603647,35,F
51,4,12,1,0,-0.694603647,35,F
51,4,13,1,0,-0.694603647,35,F
51,4,14,1,0,-0.694603647,35,F
51,4,15,1,0,-0.694603647,35,F
51,4,16,1,0,-0.694603647,35,F
51,4,17,1,0,-0.694603647,35,F
51,4,18,1,0,-0.694603647,35,F
51,4,19,1,0,-0.694603647,35,F
51,4,20,1,0,-0.694603647,35,F
52,4,21,0,1,-0.532038078,45,M
52,4,22,0,1,1.241422181,45,M
52,4,23,0,1,3.01488244,45,M
52,4,24,0,1,-0.532038078,45,M
52,4,25,0,1,-0.532038078,45,M
52,4,26,0,1,1.241422181,45,M
52,4,27,0,1,3.01488244,45,M
52,4,28,0,1,1.241422181,45,M
52,4,29,0,1,1.241422181,45,M
52,4,30,0,1,-0.532038078,45,M
52,4,31,0,0,1.241422181,45,M
52,4,32,0,0,1.241422181,45,M
52,4,33,0,0,-0.532038078,45,M
52,4,34,0,0,-0.532038078,45,M
52,4,35,0,0,1.241422181,45,M
52,4,36,0,0,-0.532038078,45,M
52,4,37,0,0,-0.532038078,45,M
52,4,38,0,0,1.241422181,45,M
52,4,39,0,0,-0.532038078,45,M
52,4,40,0,0,-0.532038078,45,M
52,4,1,1,1,-0.532038078,45,M
52,4,2,1,1,-0.532038078,45,M
52,4,3,1,1,-0.532038078,45,M
52,4,4,1,1,-0.532038078,45,M
52,4,5,1,1,-0.532038078,45,M
52,4,6,1,1,-0.532038078,45,M
52,4,7,1,1,-0.532038078,45,M
52,4,8,1,1,-0.532038078,45,M
52,4,9,1,1,-0.532038078,45,M
52,4,10,1,1,-0.532038078,45,M
52,4,11,1,0,-0.532038078,45,M
52,4,12,1,0,-0.532038078,45,M
52,4,13,1,0,-0.532038078,45,M
52,4,14,1,0,-0.532038078,45,M
52,4,15,1,0,-0.532038078,45,M
52,4,16,1,0,-0.532038078,45,M
52,4,17,1,0,-0.532038078,45,M
52,4,18,1,0,-0.532038078,45,M
52,4,19,1,0,-0.532038078,45,M
52,4,20,1,0,-0.532038078,45,M
53,4,21,0,1,0.487481193,35,F
53,4,22,0,1,0.487481193,35,F
53,4,23,0,1,0.487481193,35,F
53,4,24,0,1,1.209675554,35,F
53,4,25,0,1,1.209675554,35,F
53,4,26,0,1,1.209675554,35,F
53,4,27,0,1,0.487481193,35,F
53,4,28,0,1,-0.234713167,35,F
53,4,29,0,1,-0.234713167,35,F
53,4,30,0,1,1.209675554,35,F
53,4,31,0,0,1.209675554,35,F
53,4,32,0,0,1.209675554,35,F
53,4,33,0,0,-0.956907527,35,F
53,4,34,0,0,-0.956907527,35,F
53,4,35,0,0,0.487481193,35,F
53,4,36,0,0,0.487481193,35,F
53,4,37,0,0,0.487481193,35,F
53,4,38,0,0,1.209675554,35,F
53,4,39,0,0,0.487481193,35,F
53,4,40,0,0,1.209675554,35,F
53,4,1,1,1,0.487481193,35,F
53,4,2,1,1,0.487481193,35,F
53,4,3,1,1,-1.679101888,35,F
53,4,4,1,1,-0.956907527,35,F
53,4,5,1,1,1.209675554,35,F
53,4,6,1,1,-0.234713167,35,F
53,4,7,1,1,-0.956907527,35,F
53,4,8,1,1,-0.956907527,35,F
53,4,9,1,1,-1.679101888,35,F
53,4,10,1,1,-1.679101888,35,F
53,4,11,1,0,-0.956907527,35,F
53,4,12,1,0,0.487481193,35,F
53,4,13,1,0,-0.956907527,35,F
53,4,14,1,0,1.209675554,35,F
53,4,15,1,0,-1.679101888,35,F
53,4,16,1,0,-0.234713167,35,F
53,4,17,1,0,-0.234713167,35,F
53,4,18,1,0,-0.956907527,35,F
53,4,19,1,0,-0.234713167,35,F
53,4,20,1,0,-1.679101888,35,F
54,4,21,0,1,0.952428608,35,M
54,4,22,0,1,0.952428608,35,M
54,4,23,0,1,0.498891176,35,M
54,4,24,0,1,1.40596604,35,M
54,4,25,0,1,0.952428608,35,M
54,4,26,0,1,0.498891176,35,M
54,4,27,0,1,1.859503473,35,M
54,4,28,0,1,-0.861721121,35,M
54,4,29,0,1,0.498891176,35,M
54,4,30,0,1,-0.861721121,35,M
54,4,31,0,0,1.40596604,35,M
54,4,32,0,0,0.952428608,35,M
54,4,33,0,0,0.952428608,35,M
54,4,34,0,0,0.952428608,35,M
54,4,35,0,0,0.952428608,35,M
54,4,36,0,0,1.40596604,35,M
54,4,37,0,0,1.40596604,35,M
54,4,38,0,0,1.40596604,35,M
54,4,39,0,0,1.40596604,35,M
54,4,40,0,0,0.498891176,35,M
54,4,1,1,1,-0.861721121,35,M
54,4,2,1,1,-0.861721121,35,M
54,4,3,1,1,-0.861721121,35,M
54,4,4,1,1,-0.861721121,35,M
54,4,5,1,1,-0.861721121,35,M
54,4,6,1,1,-0.861721121,35,M
54,4,7,1,1,-0.861721121,35,M
54,4,8,1,1,-0.861721121,35,M
54,4,9,1,1,-0.861721121,35,M
54,4,10,1,1,-0.861721121,35,M
54,4,11,1,0,-0.861721121,35,M
54,4,12,1,0,-0.861721121,35,M
54,4,13,1,0,-0.861721121,35,M
54,4,14,1,0,-0.861721121,35,M
54,4,15,1,0,-0.861721121,35,M
54,4,16,1,0,-0.861721121,35,M
54,4,17,1,0,-0.861721121,35,M
54,4,18,1,0,-0.861721121,35,M
54,4,19,1,0,-0.861721121,35,M
54,4,20,1,0,-0.861721121,35,M
55,4,21,0,1,1.340363236,35,M
55,4,22,0,1,0.121851203,35,M
55,4,23,0,1,1.340363236,35,M
55,4,24,0,1,-0.284319474,35,M
55,4,25,0,1,-0.284319474,35,M
55,4,26,0,1,1.340363236,35,M
55,4,27,0,1,1.340363236,35,M
55,4,28,0,1,-0.690490152,35,M
55,4,29,0,1,1.340363236,35,M
55,4,30,0,1,0.528021881,35,M
55,4,31,0,0,-0.690490152,35,M
55,4,32,0,0,-1.096660829,35,M
55,4,33,0,0,1.340363236,35,M
55,4,34,0,0,0.528021881,35,M
55,4,35,0,0,1.340363236,35,M
55,4,36,0,0,1.340363236,35,M
55,4,37,0,0,0.528021881,35,M
55,4,38,0,0,0.121851203,35,M
55,4,39,0,0,1.340363236,35,M
55,4,40,0,0,1.340363236,35,M
55,4,1,1,1,-1.096660829,35,M
55,4,2,1,1,-1.096660829,35,M
55,4,3,1,1,-1.096660829,35,M
55,4,4,1,1,-0.690490152,35,M
55,4,5,1,1,-1.096660829,35,M
55,4,6,1,1,-0.284319474,35,M
55,4,7,1,1,-0.284319474,35,M
55,4,8,1,1,-1.096660829,35,M
55,4,9,1,1,-0.284319474,35,M
55,4,10,1,1,-1.096660829,35,M
55,4,11,1,0,-1.096660829,35,M
55,4,12,1,0,0.121851203,35,M
55,4,13,1,0,-1.096660829,35,M
55,4,14,1,0,0.934192558,35,M
55,4,15,1,0,-1.096660829,35,M
55,4,16,1,0,1.340363236,35,M
55,4,17,1,0,-1.096660829,35,M
55,4,18,1,0,0.121851203,35,M
55,4,19,1,0,-1.096660829,35,M
55,4,20,1,0,-1.096660829,35,M
56,4,21,0,1,-0.766305296,25,F
56,4,22,0,1,0.176839684,25,F
56,4,23,0,1,1.119984663,25,F
56,4,24,0,1,1.591557152,25,F
56,4,25,0,1,2.063129642,25,F
56,4,26,0,1,2.063129642,25,F
56,4,27,0,1,1.119984663,25,F
56,4,28,0,1,-0.766305296,25,F
56,4,29,0,1,0.176839684,25,F
56,4,30,0,1,-0.766305296,25,F
56,4,31,0,0,1.119984663,25,F
56,4,32,0,0,1.119984663,25,F
56,4,33,0,0,-0.294732806,25,F
56,4,34,0,0,0.648412173,25,F
56,4,35,0,0,1.591557152,25,F
56,4,36,0,0,1.119984663,25,F
56,4,37,0,0,1.591557152,25,F
56,4,38,0,0,0.176839684,25,F
56,4,39,0,0,1.119984663,25,F
56,4,40,0,0,1.119984663,25,F
56,4,1,1,1,-0.766305296,25,F
56,4,2,1,1,-0.766305296,25,F
56,4,3,1,1,-0.766305296,25,F
56,4,4,1,1,-0.766305296,25,F
56,4,5,1,1,-0.766305296,25,F
56,4,6,1,1,-0.766305296,25,F
56,4,7,1,1,-0.766305296,25,F
56,4,8,1,1,-0.766305296,25,F
56,4,9,1,1,-0.766305296,25,F
56,4,10,1,1,-0.766305296,25,F
56,4,11,1,0,-0.766305296,25,F
56,4,12,1,0,-0.766305296,25,F
56,4,13,1,0,-0.766305296,25,F
56,4,14,1,0,-0.766305296,25,F
56,4,15,1,0,-0.766305296,25,F
56,4,16,1,0,-0.766305296,25,F
56,4,17,1,0,-0.766305296,25,F
56,4,18,1,0,-0.766305296,25,F
56,4,19,1,0,-0.766305296,25,F
56,4,20,1,0,-0.766305296,25,F
57,4,21,0,1,0.256166482,25,M
57,4,22,0,1,0.256166482,25,M
57,4,23,0,1,1.832575601,25,M
57,4,24,0,1,-1.320242637,25,M
57,4,25,0,1,1.044371041,25,M
57,4,26,0,1,-1.320242637,25,M
57,4,27,0,1,1.044371041,25,M
57,4,28,0,1,0.256166482,25,M
57,4,29,0,1,-1.320242637,25,M
57,4,30,0,1,-0.532038078,25,M
57,4,31,0,0,0.256166482,25,M
57,4,32,0,0,0.256166482,25,M
57,4,33,0,0,1.832575601,25,M
57,4,34,0,0,0.256166482,25,M
57,4,35,0,0,0.256166482,25,M
57,4,36,0,0,1.044371041,25,M
57,4,37,0,0,1.832575601,25,M
57,4,38,0,0,-0.532038078,25,M
57,4,39,0,0,0.256166482,25,M
57,4,40,0,0,-0.532038078,25,M
57,4,1,1,1,1.044371041,25,M
57,4,2,1,1,-0.532038078,25,M
57,4,3,1,1,-0.532038078,25,M
57,4,4,1,1,-0.532038078,25,M
57,4,5,1,1,-0.532038078,25,M
57,4,6,1,1,1.044371041,25,M
57,4,7,1,1,-0.532038078,25,M
57,4,8,1,1,0.256166482,25,M
57,4,9,1,1,1.044371041,25,M
57,4,10,1,1,-1.320242637,25,M
57,4,11,1,0,-1.320242637,25,M
57,4,12,1,0,-1.320242637,25,M
57,4,13,1,0,0.256166482,25,M
57,4,14,1,0,-0.532038078,25,M
57,4,15,1,0,0.256166482,25,M
57,4,16,1,0,-1.320242637,25,M
57,4,17,1,0,-0.532038078,25,M
57,4,18,1,0,1.044371041,25,M
57,4,19,1,0,1.044371041,25,M
57,4,20,1,0,-2.108447197,25,M
58,4,21,0,1,-0.331233284,25,F
58,4,22,0,1,0.930607799,25,F
58,4,23,0,1,-0.962153826,25,F
58,4,24,0,1,1.56152834,25,F
58,4,25,0,1,0.299687257,25,F
58,4,26,0,1,0.299687257,25,F
58,4,27,0,1,0.930607799,25,F
58,4,28,0,1,0.299687257,25,F
58,4,29,0,1,0.299687257,25,F
58,4,30,0,1,-0.962153826,25,F
58,4,31,0,0,1.56152834,25,F
58,4,32,0,0,1.56152834,25,F
58,4,33,0,0,1.56152834,25,F
58,4,34,0,0,1.56152834,25,F
58,4,35,0,0,1.56152834,25,F
58,4,36,0,0,0.930607799,25,F
58,4,37,0,0,0.299687257,25,F
58,4,38,0,0,1.56152834,25,F
58,4,39,0,0,0.299687257,25,F
58,4,40,0,0,1.56152834,25,F
58,4,1,1,1,-0.962153826,25,F
58,4,2,1,1,-0.962153826,25,F
58,4,3,1,1,-0.962153826,25,F
58,4,4,1,1,0.299687257,25,F
58,4,5,1,1,-0.962153826,25,F
58,4,6,1,1,-0.962153826,25,F
58,4,7,1,1,-0.962153826,25,F
58,4,8,1,1,-0.962153826,25,F
58,4,9,1,1,-0.962153826,25,F
58,4,10,1,1,-0.331233284,25,F
58,4,11,1,0,-0.962153826,25,F
58,4,12,1,0,-0.962153826,25,F
58,4,13,1,0,-0.962153826,25,F
58,4,14,1,0,-0.962153826,25,F
58,4,15,1,0,-0.962153826,25,F
58,4,16,1,0,-0.331233284,25,F
58,4,17,1,0,-0.962153826,25,F
58,4,18,1,0,-0.331233284,25,F
58,4,19,1,0,-0.962153826,25,F
58,4,20,1,0,0.299687257,25,F
59,4,21,0,1,0.500130873,35,M
59,4,22,0,1,0.500130873,35,M
59,4,23,0,1,-0.928814478,35,M
59,4,24,0,1,0.500130873,35,M
59,4,25,0,1,-0.928814478,35,M
59,4,26,0,1,0.500130873,35,M
59,4,27,0,1,-0.928814478,35,M
59,4,28,0,1,-0.928814478,35,M
59,4,29,0,1,0.500130873,35,M
59,4,30,0,1,-0.928814478,35,M
59,4,31,0,0,-0.928814478,35,M
59,4,32,0,0,-0.928814478,35,M
59,4,33,0,0,1.929076224,35,M
59,4,34,0,0,-0.928814478,35,M
59,4,35,0,0,-0.928814478,35,M
59,4,36,0,0,-0.928814478,35,M
59,4,37,0,0,-0.928814478,35,M
59,4,38,0,0,0.500130873,35,M
59,4,39,0,0,0.500130873,35,M
59,4,40,0,0,-0.928814478,35,M
59,4,1,1,1,0.500130873,35,M
59,4,2,1,1,-0.928814478,35,M
59,4,3,1,1,1.929076224,35,M
59,4,4,1,1,0.500130873,35,M
59,4,5,1,1,0.500130873,35,M
59,4,6,1,1,1.929076224,35,M
59,4,7,1,1,-0.928814478,35,M
59,4,8,1,1,-0.928814478,35,M
59,4,9,1,1,0.500130873,35,M
59,4,10,1,1,0.500130873,35,M
59,4,11,1,0,0.500130873,35,M
59,4,12,1,0,0.500130873,35,M
59,4,13,1,0,-0.928814478,35,M
59,4,14,1,0,1.929076224,35,M
59,4,15,1,0,-0.928814478,35,M
59,4,16,1,0,0.500130873,35,M
59,4,17,1,0,-0.928814478,35,M
59,4,18,1,0,0.500130873,35,M
59,4,19,1,0,1.929076224,35,M
59,4,20,1,0,-0.928814478,35,M
60,4,21,0,1,-0.888367234,35,M
60,4,22,0,1,2.174968056,35,M
60,4,23,0,1,2.174968056,35,M
60,4,24,0,1,-0.275700176,35,M
60,4,25,0,1,-0.275700176,35,M
60,4,26,0,1,0.336966882,35,M
60,4,27,0,1,0.336966882,35,M
60,4,28,0,1,-0.888367234,35,M
60,4,29,0,1,-0.888367234,35,M
60,4,30,0,1,-0.275700176,35,M
60,4,31,0,0,0.336966882,35,M
60,4,32,0,0,-0.275700176,35,M
60,4,33,0,0,1.562300998,35,M
60,4,34,0,0,-0.275700176,35,M
60,4,35,0,0,2.787635114,35,M
60,4,36,0,0,-0.275700176,35,M
60,4,37,0,0,-0.275700176,35,M
60,4,38,0,0,2.174968056,35,M
60,4,39,0,0,0.336966882,35,M
60,4,40,0,0,2.174968056,35,M
60,4,1,1,1,-0.275700176,35,M
60,4,2,1,1,-0.275700176,35,M
60,4,3,1,1,-0.275700176,35,M
60,4,4,1,1,-0.275700176,35,M
60,4,5,1,1,-0.275700176,35,M
60,4,6,1,1,-0.275700176,35,M
60,4,7,1,1,-0.888367234,35,M
60,4,8,1,1,-0.275700176,35,M
60,4,9,1,1,-0.275700176,35,M
60,4,10,1,1,-0.888367234,35,M
60,4,11,1,0,-0.888367234,35,M
60,4,12,1,0,-0.888367234,35,M
60,4,13,1,0,-0.275700176,35,M
60,4,14,1,0,-0.275700176,35,M
60,4,15,1,0,-0.275700176,35,M
60,4,16,1,0,-0.275700176,35,M
60,4,17,1,0,-0.888367234,35,M
60,4,18,1,0,-0.275700176,35,M
60,4,19,1,0,-0.888367234,35,M
60,4,20,1,0,-0.888367234,35,M
61,4,21,0,1,-1.748869057,45,M
61,4,22,0,1,0.339332802,45,M
61,4,23,0,1,-0.182717663,45,M
61,4,24,0,1,-0.704768127,45,M
61,4,25,0,1,-0.704768127,45,M
61,4,26,0,1,0.339332802,45,M
61,4,27,0,1,-0.182717663,45,M
61,4,28,0,1,-0.704768127,45,M
61,4,29,0,1,0.861383267,45,M
61,4,30,0,1,-0.182717663,45,M
61,4,31,0,0,0.861383267,45,M
61,4,32,0,0,-1.748869057,45,M
61,4,33,0,0,-2.270919521,45,M
61,4,34,0,0,0.339332802,45,M
61,4,35,0,0,-0.182717663,45,M
61,4,36,0,0,-0.704768127,45,M
61,4,37,0,0,-0.704768127,45,M
61,4,38,0,0,-0.704768127,45,M
61,4,39,0,0,-2.270919521,45,M
61,4,40,0,0,-0.704768127,45,M
61,4,1,1,1,0.861383267,45,M
61,4,2,1,1,0.339332802,45,M
61,4,3,1,1,0.861383267,45,M
61,4,4,1,1,0.861383267,45,M
61,4,5,1,1,0.861383267,45,M
61,4,6,1,1,-2.270919521,45,M
61,4,7,1,1,0.861383267,45,M
61,4,8,1,1,0.861383267,45,M
61,4,9,1,1,0.861383267,45,M
61,4,10,1,1,0.861383267,45,M
61,4,11,1,0,0.861383267,45,M
61,4,12,1,0,0.339332802,45,M
61,4,13,1,0,0.861383267,45,M
61,4,14,1,0,0.861383267,45,M
61,4,15,1,0,0.339332802,45,M
61,4,16,1,0,0.861383267,45,M
61,4,17,1,0,0.861383267,45,M
61,4,18,1,0,0.861383267,45,M
61,4,19,1,0,0.861383267,45,M
61,4,20,1,0,-0.704768127,45,M
62,4,21,0,1,-0.404992212,35,M
62,4,22,0,1,0.269994808,35,M
62,4,23,0,1,3.644929906,35,M
62,4,24,0,1,-0.404992212,35,M
62,4,25,0,1,-0.404992212,35,M
62,4,26,0,1,1.619968847,35,M
62,4,27,0,1,-0.404992212,35,M
62,4,28,0,1,-0.404992212,35,M
62,4,29,0,1,-0.404992212,35,M
62,4,30,0,1,0.269994808,35,M
62,4,31,0,0,-0.404992212,35,M
62,4,32,0,0,-0.404992212,35,M
62,4,33,0,0,-0.404992212,35,M
62,4,34,0,0,-0.404992212,35,M
62,4,35,0,0,0.269994808,35,M
62,4,36,0,0,0.269994808,35,M
62,4,37,0,0,2.969942886,35,M
62,4,38,0,0,-0.404992212,35,M
62,4,39,0,0,-0.404992212,35,M
62,4,40,0,0,-0.404992212,35,M
62,4,1,1,1,-0.404992212,35,M
62,4,2,1,1,-0.404992212,35,M
62,4,3,1,1,-0.404992212,35,M
62,4,4,1,1,-0.404992212,35,M
62,4,5,1,1,-0.404992212,35,M
62,4,6,1,1,-0.404992212,35,M
62,4,7,1,1,-0.404992212,35,M
62,4,8,1,1,0.269994808,35,M
62,4,9,1,1,-0.404992212,35,M
62,4,10,1,1,-0.404992212,35,M
62,4,11,1,0,-0.404992212,35,M
62,4,12,1,0,-0.404992212,35,M
62,4,13,1,0,-0.404992212,35,M
62,4,14,1,0,-0.404992212,35,M
62,4,15,1,0,-0.404992212,35,M
62,4,16,1,0,-0.404992212,35,M
62,4,17,1,0,-0.404992212,35,M
62,4,18,1,0,-0.404992212,35,M
62,4,19,1,0,-0.404992212,35,M
62,4,20,1,0,2.969942886,35,M
63,4,21,0,1,0.987420883,35,F
63,4,22,0,1,0.987420883,35,F
63,4,23,0,1,0.987420883,35,F
63,4,24,0,1,-0.197484177,35,F
63,4,25,0,1,0.987420883,35,F
63,4,26,0,1,1.382389236,35,F
63,4,27,0,1,0.987420883,35,F
63,4,28,0,1,0.987420883,35,F
63,4,29,0,1,-0.987420883,35,F
63,4,30,0,1,0.987420883,35,F
63,4,31,0,0,0.59245253,35,F
63,4,32,0,0,1.382389236,35,F
63,4,33,0,0,1.382389236,35,F
63,4,34,0,0,0.59245253,35,F
63,4,35,0,0,0.987420883,35,F
63,4,36,0,0,0.987420883,35,F
63,4,37,0,0,1.382389236,35,F
63,4,38,0,0,0.987420883,35,F
63,4,39,0,0,0.197484177,35,F
63,4,40,0,0,1.382389236,35,F
63,4,1,1,1,-0.987420883,35,F
63,4,2,1,1,-0.987420883,35,F
63,4,3,1,1,-0.987420883,35,F
63,4,4,1,1,-0.987420883,35,F
63,4,5,1,1,-0.987420883,35,F
63,4,6,1,1,-0.987420883,35,F
63,4,7,1,1,-0.987420883,35,F
63,4,8,1,1,-0.987420883,35,F
63,4,9,1,1,-0.987420883,35,F
63,4,10,1,1,-0.987420883,35,F
63,4,11,1,0,-0.987420883,35,F
63,4,12,1,0,-0.987420883,35,F
63,4,13,1,0,-0.987420883,35,F
63,4,14,1,0,-0.987420883,35,F
63,4,15,1,0,0.197484177,35,F
63,4,16,1,0,-0.987420883,35,F
63,4,17,1,0,-0.987420883,35,F
63,4,18,1,0,-0.987420883,35,F
63,4,19,1,0,-0.987420883,35,F
63,4,20,1,0,0.59245253,35,F
64,4,21,0,1,-0.560842434,35,M
64,4,22,0,1,-0.560842434,35,M
64,4,23,0,1,1.800599394,35,M
64,4,24,0,1,1.800599394,35,M
64,4,25,0,1,-0.560842434,35,M
64,4,26,0,1,-0.560842434,35,M
64,4,27,0,1,-0.560842434,35,M
64,4,28,0,1,-0.560842434,35,M
64,4,29,0,1,0.61987848,35,M
64,4,30,0,1,2.981320308,35,M
64,4,31,0,0,0.61987848,35,M
64,4,32,0,0,0.61987848,35,M
64,4,33,0,0,0.61987848,35,M
64,4,34,0,0,0.61987848,35,M
64,4,35,0,0,2.981320308,35,M
64,4,36,0,0,-0.560842434,35,M
64,4,37,0,0,1.800599394,35,M
64,4,38,0,0,0.61987848,35,M
64,4,39,0,0,-0.560842434,35,M
64,4,40,0,0,0.61987848,35,M
64,4,1,1,1,-0.560842434,35,M
64,4,2,1,1,-0.560842434,35,M
64,4,3,1,1,-0.560842434,35,M
64,4,4,1,1,-0.560842434,35,M
64,4,5,1,1,-0.560842434,35,M
64,4,6,1,1,-0.560842434,35,M
64,4,7,1,1,-0.560842434,35,M
64,4,8,1,1,-0.560842434,35,M
64,4,9,1,1,-0.560842434,35,M
64,4,10,1,1,-0.560842434,35,M
64,4,11,1,0,-0.560842434,35,M
64,4,12,1,0,-0.560842434,35,M
64,4,13,1,0,-0.560842434,35,M
64,4,14,1,0,-0.560842434,35,M
64,4,15,1,0,-0.560842434,35,M
64,4,16,1,0,-0.560842434,35,M
64,4,17,1,0,-0.560842434,35,M
64,4,18,1,0,-0.560842434,35,M
64,4,19,1,0,-0.560842434,35,M
64,4,20,1,0,-0.560842434,35,M