tar_num,ave_rating,sentence,isPun,sentenceID,isCorrect,measure1.ave,measure1.max,measure2.ave,measure2.max,measure3.ave,measure4.max,measure4.sum,measure5.max,measure5.sum
,,Atheism is a non #prophet organization.,0,1,0,-0.294059702193567,0.212970834416913,-0.580786011200611,1.0379935134522,1.46311266126237,2.50110617471457,3.81834506050624,-0.425119147810162,-1.74235803360183
,,I get my large circumference from too much #pi.,0,2,0,0.302150790808079,1.27193586016228,0.141901607171265,0.891968898737335,0.891968898737335,1.1974087293446,1.35823297596088,0.586529068130074,0.425704821513794
,,Bakers trade bread recipes on a #knead to know basis.,0,3,0,0.223081178786985,1.45620579262288,0.285138152172175,2.26134680612033,2.26134680612033,3.52401141222654,8.26859999793607,0.998682200014113,1.71082891303305
,,The indecisive rower could not choose either #oar.,0,4,0,-0.201854089772391,1.51772650409791,-0.831586923420104,2.42373822872553,2.42373822872553,4.56258285812019,8.17382415113147,0.28489359933087,-3.32634769368042
,,It was an emotional wedding. Even the cake was in #tiers.,0,5,0,0.227220546225174,0.846589749037438,0.240396070094902,1.42929022840021,1.7864516584465,3.21574188684672,4.53448759727262,-0.35716143004629,0.961584280379608
1,0.20580849,A new country decided to conduct a flag #poll.,0,6,0,0.022772835957032,0.771880233844757,0.173464256908804,1.21335516578724,1.39274829163144,2.60610345741868,3.6528178678069,-0.1793931258442,0.867321284544019
2,1.082526095,At some executive meetings there is a chairman of the #bored.,0,7,0,0.056717516995779,0.476620883815132,-1.49482016709957,-1.06206508142825,2.18563624119662,1.12357115976837,4.4844605012987,-3.24770132262487,-4.4844605012987
3,-0.209620814,Did you know that donuts were first made in #Greece?,0,8,0,-0.536419293739219,-0.367145191414409,-0.18675296975218,0.504596251994643,1.64765166897366,2.1522479209683,2.5482914589386,-1.14305541697902,-0.747011879008718
4,0.784731083,I always prayed before my trigonometry tests. I was hoping for a #sine from above.,0,9,0,-0.330459528826592,1.46768639562691,-0.314065916814219,0.913141391228043,1.25807574818405,2.17121713941209,4.24643146132671,-0.344934356956008,-2.19846141769953
5,0.512066291,It was not school John disliked. it was just the #principal of it.,0,10,0,0.481306645523702,1.73631632190123,0.356958783174362,0.71682426909872,0.71682426909872,0.563382769919512,1.07087634952309,0.870265768277928,1.07087634952309
6,0.812253245,Some music stores are in a #CD part of town.,0,11,0,0.390246218920599,1.75823618229048,0.628455708758762,2.25288676170553,2.25288676170553,3.5989086744696,5.20586666056318,0.906864848941471,2.51382283503505
7,0.887547689,The magician got so mad he pulled his #hare out.,0,12,0,-0.348555604971091,0.480614666665408,-0.132303718098081,1.01054788626525,1.43273229072747,2.44328017699272,2.69825880262587,-0.422184404462226,-0.529214872392325
8,0.841657622,The young pine sapling was admonished by his father. Apparently he had been #knotty.,0,13,0,-0.579580376062813,0.186427140223222,-0.423192118739421,0.793982667038064,1.88300715744541,2.67698982448348,5.51780933587489,-1.08902449040735,-2.53915271243653
9,0.222249786,To learn rope tricks you have to be #taut.,0,14,0,-0.232761166219783,0.823133524033699,-0.521221489735172,1.11581313726842,2.16084440813654,3.27665754540497,3.79529074374236,-1.04503127086812,-1.56366446920552
10,0.627749749,I dropped out of Communism class because of lousy #Marx.,0,15,0,-0.067447651586544,1.484117772585,0.180904929447178,2.20753242462983,2.20753242462983,2.89816572409509,3.56250990118321,1.51689912516457,0.90452464723589
11,0.809688776,A boy who instinctively waves at people has a natural #hi.,0,16,0,-0.171524527258949,0.960027098316622,0.057741317480885,0.667075858106817,0.704731104613195,1.37180696272001,2.20824161288337,-0.037655246506378,0.288706587404426
12,0.61875249,A teacher having a tough time longs for the end of the school #daze.,0,17,0,-0.470909216553389,0.009049183208419,-0.857927671152732,-0.396187439360901,1.90287070591797,1.50668326655707,6.00549369806913,-2.29905814527887,-6.00549369806913
13,0.995673566,Authors in jail have their #prose and cons.,0,18,0,-0.196105999742233,1.21854723251659,-0.51695090727171,0.993210314030737,2.26971888882715,3.26292920285789,3.5372733498766,-1.27650857479642,-1.55085272181513
14,0.981073461,Do not expect to eat something fancy when you are flying because it is #plane food.,0,19,0,-0.121645123165552,1.59459509492523,-0.055733368720692,2.21026188562037,2.21026188562037,2.87857490451178,4.75492398356489,1.54194886672895,-0.334400212324155
15,0.814283873,I saw a beaver movie last night. It was the best #dam movie I have ever seen.,0,20,0,-0.394681124009189,1.43013573007484,0.195839712895295,1.49347198118514,1.49347198118514,1.73202058954688,2.55448717839679,1.25492337282341,1.37087799026706
16,0.846144899,My computer is so slow it #hertz.,0,21,0,0.105501993015291,0.421382149003866,0.648475935394929,1.12195008484091,1.12195008484091,0.946948298891963,1.29695187078986,1.29695187078986,1.29695187078986
17,0.274540613,The actors had one great movie after another They were on a #role.,0,22,0,0.554565565545867,1.51203583982452,0.745491909344942,1.64211090733928,1.64211090733928,1.54057397340835,3.72745954672471,1.74364784127021,3.72745954672471
18,1.343102433,The man put his name on the neck of his shirt so he would have #collar ID.,0,23,0,0.471426918828819,1.71237068795948,0.422884302427365,2.3459628154711,2.3459628154711,3.25372916425221,6.23398577315149,1.43819646668998,2.53730581456419
19,0.985906197,Thieves have muscles of #steal.,0,24,0,0.508364460326421,1.40657815930287,0.67055130794619,2.00386187154383,2.00386187154383,2.66662112719528,2.66662112719528,1.34110261589238,1.34110261589238
20,0.719203518,When an actress saw her first strands of gray hair she thought she would #dye.,0,25,0,0.050623836902905,1.48433806330608,0.368147942763103,1.74501502980968,1.74501502980968,2.09007049555164,4.11859781356476,1.39995956406772,2.57703559934172
21,0.522261781,A cardboard belt would be a #waist of paper.,0,26,0,0.035929971787319,1.46299948299053,-0.446357971969665,1.71268889734131,1.71268889734131,3.29892716392006,4.76445171059162,0.126450630762561,-1.339073915909
23,1.052505798,Being able to fit size fourteen shoes is quite a #feet.,0,27,0,0.375658243988065,1.88772641635073,0.727218120636218,2.67016955327702,2.67016955327702,3.37306860281013,5.04188870224731,1.96727050374391,3.63609060318109
28,1.042426634,The mime wanted to say something but he was not #aloud.,0,28,0,-0.435772473402834,-0.28089679393206,-0.267410040386545,0.421255247944507,0.806873575572844,1.22812882351735,1.64474061704865,-0.385618327628337,-0.802230121159634
29,0.640454219,Those who carry too many buckets start feeling #pail.,0,29,0,-0.021418138825351,1.70826959657936,0.478707076088732,1.67759057627879,1.67759057627879,1.89694866737285,3.88383650187801,1.45823248518472,2.87224245653239
31,0.633966938,A man's home is his castle in a #manor of speaking.,0,30,0,0.290274425116784,1.16342320448332,0.225846522154338,1.74674201447185,1.74674201447185,3.45954383300853,4.5183384848627,0.033940195935161,0.903386088617351
32,0.466441814,An online poker tournament ended suddenly when the computer #cached in its chips.,0,31,0,-0.027768695647183,1.0554169137547,-0.17953135569218,1.08581554226885,1.61086783244748,2.69668337471633,5.71921785553729,-0.525052290178632,-1.25671948984526
33,0.547462671,Britain is a wet place since the queen has had a long #reign.,0,32,0,0.510003446833657,1.75853959453502,0.263709114963509,2.56304767887115,2.56304767887115,4.83083531601582,5.85412084910688,0.295260041726481,1.31854557481755
34,0.575426189,Herb gardeners who work extra get #thyme and a half.,0,33,0,-0.000642266639697,1.52452946764133,-0.320321332600205,2.07962129963554,2.07962129963554,4.04744453117156,7.33499150971144,0.111798068099511,-1.60160666300102
35,0.894902932,If you say you have bad skin I would say that was a #pore excuse.,0,34,0,0.083059146017796,1.80201698484168,-0.078129804817033,2.0034369764644,2.0034369764644,3.26904542045851,4.2412633673799,0.737828532470289,-0.234389414451098
36,0.457826894,People who like gold paint have a #gilt complex.,0,35,0,-0.227372051288945,0.648786640098113,-0.144612278800414,0.912218742703787,1.45901115226425,2.37122989496804,3.94419848339664,-0.546792409560468,-0.578449115201657
39,0.315920545,To #heir is human.,0,36,0,0.324202842244139,0.324202842244139,-0.112412178964607,-0.112412178964607,0.112412178964607,0,0.112412178964607,-0.224824357929214,-0.112412178964607
40,0.621280975,When their boy was little they only got rest after #son down.,0,37,0,0.252446275733851,1.84186161037444,0.503909054145838,2.52936007520987,2.52936007520987,3.84381554672876,5.49972331707361,1.21490460369097,2.01563621658335
26,1.070982834,Novice pirates make terrible singers because they cannot hit the high #Cs.,0,38,0,-0.468989540435075,0.694133199282786,-0.45386062959015,1.46017655453891,2.60450338841273,4.06467994295164,6.18646812278887,-1.14432683387382,-3.17702440713105
22,1.041281179,An electrician is a bright spark who knows whats #watt.,0,39,0,0.596854024995235,1.63402244845377,1.10907515439788,2.27935240286436,2.27935240286436,3.19409573716252,6.26578728618783,1.3646090685662,4.4363006175915
30,0.559576728,When the mayor wanted to slash the budget he turned to a fund #razor.,0,40,0,-0.371168072617019,1.29702251554896,-0.081320392890854,2.10002115665213,2.20038740832618,4.30040856497831,4.83934904824776,-0.100366251674056,-0.487922357345124
,,Atheism is a non #prophet organization.,0,1,1,0.286726309007043,1.14790577851505,0.580786011200611,1.46311266126237,1.46311266126237,2.50110617471457,3.81834506050624,0.425119147810162,1.74235803360183
,,I get my large circumference from too much #pi.,0,2,1,0.160249183636815,0.379966961424945,-0.141901607171265,0.305439830607261,0.891968898737335,1.1974087293446,1.35823297596088,-0.586529068130074,-0.425704821513794
,,Bakers trade bread recipes on a #knead to know basis.,0,3,1,-0.06205697338519,0.508149689456561,-0.285138152172175,1.26266460610622,2.26134680612033,3.52401141222654,8.26859999793607,-0.998682200014113,-1.71082891303305
,,The indecisive rower could not choose either #oar.,0,4,1,0.629732833647713,1.25229450650613,0.831586923420104,2.13884462939466,2.42373822872553,4.56258285812019,8.17382415113147,-0.28489359933087,3.32634769368042
,,It was an emotional wedding. Even the cake was in #tiers.,0,5,1,-0.013175523869728,1.21594307492533,-0.240396070094902,1.7864516584465,1.7864516584465,3.21574188684672,4.53448759727262,0.35716143004629,-0.961584280379608
1,0.319454032,A new country decided to conduct a flag #poll.,0,6,1,-0.150691420951772,1.45959752477869,-0.173464256908804,1.39274829163144,1.39274829163144,2.60610345741868,3.6528178678069,0.1793931258442,-0.867321284544019
2,-0.589240617,At some executive meetings there is a chairman of the #bored.,0,7,1,1.55153768409535,1.74741551495295,1.49482016709957,2.18563624119662,2.18563624119662,1.12357115976837,4.4844605012987,3.24770132262487,4.4844605012987
3,0.462638527,Did you know that donuts were first made in #Greece?,0,8,1,-0.349666323987039,0.900077078081742,0.18675296975218,1.64765166897366,1.64765166897366,2.1522479209683,2.5482914589386,1.14305541697902,0.747011879008718
4,1.277578053,I always prayed before my trigonometry tests. I was hoping for a #sine from above.,0,9,1,-0.016393612012373,0.554545004398867,0.314065916814219,1.25807574818405,1.25807574818405,2.17121713941209,4.24643146132671,0.344934356956008,2.19846141769953
5,0.540798994,It was not school John disliked. it was just the #principal of it.,0,10,1,0.12434786234934,1.01949205280251,-0.356958783174362,-0.153441499179208,0.71682426909872,0.563382769919512,1.07087634952309,-0.870265768277928,-1.07087634952309
6,-0.078827341,Some music stores are in a #CD part of town.,0,11,1,-0.238209489838163,0.568853266521121,-0.628455708758762,1.34602191276406,2.25288676170553,3.5989086744696,5.20586666056318,-0.906864848941471,-2.51382283503505
7,0.828857861,The magician got so mad he pulled his #hare out.,0,12,1,-0.21625188687301,0.714655005744273,0.132303718098081,1.43273229072747,1.43273229072747,2.44328017699272,2.69825880262587,0.422184404462226,0.529214872392325
8,0.58433108,The young pine sapling was admonished by his father. Apparently he had been #knotty.,0,13,1,-0.156388257323392,1.20150495252473,0.423192118739421,1.88300715744541,1.88300715744541,2.67698982448348,5.51780933587489,1.08902449040735,2.53915271243653
9,-0.107157462,To learn rope tricks you have to be #taut.,0,14,1,0.288460323515389,1.45899477086049,0.521221489735172,2.16084440813654,2.16084440813654,3.27665754540497,3.79529074374236,1.04503127086812,1.56366446920552
10,0.70361683,I dropped out of Communism class because of lousy #Marx.,0,15,1,-0.248352581033722,0.265078142263883,-0.180904929447178,0.690633299465262,2.20753242462983,2.89816572409509,3.56250990118321,-1.51689912516457,-0.90452464723589
11,0.267752055,A boy who instinctively waves at people has a natural #hi.,0,16,1,-0.229265844739834,0.482962181604805,-0.057741317480885,0.704731104613195,0.704731104613195,1.37180696272001,2.20824161288337,0.037655246506378,-0.288706587404426
12,-0.335530091,A teacher having a tough time longs for the end of the school #daze.,0,17,1,0.387018454599343,1.47513600142584,0.857927671152732,1.90287070591797,1.90287070591797,1.50668326655707,6.00549369806913,2.29905814527887,6.00549369806913
13,0.130870077,Authors in jail have their #prose and cons.,0,18,1,0.320844907529477,1.28154356362381,0.51695090727171,2.26971888882715,2.26971888882715,3.26292920285789,3.5372733498766,1.27650857479642,1.55085272181513
14,0.302440595,Do not expect to eat something fancy when you are flying because it is #plane food.,0,19,1,-0.06591175444486,0.351653509219275,0.055733368720692,0.668313018891415,2.21026188562037,2.87857490451178,4.75492398356489,-1.54194886672895,0.334400212324155
15,0.239917145,I saw a beaver movie last night. It was the best #dam movie I have ever seen.,0,20,1,-0.590520836904484,-0.063336251110301,-0.195839712895295,0.238548608361734,1.49347198118514,1.73202058954688,2.55448717839679,-1.25492337282341,-1.37087799026706
16,0.344909584,My computer is so slow it #hertz.,0,21,1,-0.542973942379637,-0.385379948922231,-0.648475935394929,-0.175001785948947,1.12195008484091,0.946948298891963,1.29695187078986,-1.29695187078986,-1.29695187078986
17,-0.064379842,The actors had one great movie after another They were on a #role.,0,22,1,-0.190926343799075,0.300969281387335,-0.745491909344942,-0.101536933930928,1.64211090733928,1.54057397340835,3.72745954672471,-1.74364784127021,-3.72745954672471
18,0.901070155,The man put his name on the neck of his shirt so he would have #collar ID.,0,23,1,0.048542616401454,1.14078991644117,-0.422884302427365,0.907766348781115,2.3459628154711,3.25372916425221,6.23398577315149,-1.43819646668998,-2.53730581456419
19,-0.076586884,Thieves have muscles of #steal.,0,24,1,-0.162186847619769,0.272910017001424,-0.67055130794619,0.662759255651452,2.00386187154383,2.66662112719528,2.66662112719528,-1.34110261589238,-1.34110261589238
20,0.69357656,When an actress saw her first strands of gray hair she thought she would #dye.,0,25,1,-0.317524105860198,-0.024059826505242,-0.368147942763103,0.34505546574196,1.74501502980968,2.09007049555164,4.11859781356476,-1.39995956406772,-2.57703559934172
21,0.105150227,A cardboard belt would be a #waist of paper.,0,26,1,0.482287943756984,1.12933526484927,0.446357971969665,1.58623826657875,1.71268889734131,3.29892716392006,4.76445171059162,-0.126450630762561,1.339073915909
23,0.882361225,Being able to fit size fourteen shoes is quite a #feet.,0,27,1,-0.351559876648153,0.067085720422618,-0.727218120636218,0.70289904953311,2.67016955327702,3.37306860281013,5.04188870224731,-1.96727050374391,-3.63609060318109
28,-0.101614281,The mime wanted to say something but he was not #aloud.,0,28,1,-0.168362433016289,0.274759661714828,0.267410040386545,0.806873575572844,0.806873575572844,1.22812882351735,1.64474061704865,0.385618327628337,0.802230121159634
29,0.458105926,Those who carry too many buckets start feeling #pail.,0,29,1,-0.500125214914083,0.030679020300575,-0.478707076088732,0.219358091094065,1.67759057627879,1.89694866737285,3.88383650187801,-1.45823248518472,-2.87224245653239
31,-0.419232035,A man's home is his castle in a #manor of speaking.,0,30,1,0.064427902962446,1.06777889452441,-0.225846522154338,1.71280181853669,1.74674201447185,3.45954383300853,4.5183384848627,-0.033940195935161,-0.903386088617351
32,0.460403111,An online poker tournament ended suddenly when the computer #cached in its chips.,0,31,1,0.151762660044998,1.25421693246305,0.17953135569218,1.61086783244748,1.61086783244748,2.69668337471633,5.71921785553729,0.525052290178632,1.25671948984526
33,1.050389237,Britain is a wet place since the queen has had a long #reign.,0,32,1,0.246294331870147,1.67160366860003,-0.263709114963509,2.26778763714467,2.56304767887115,4.83083531601582,5.85412084910688,-0.295260041726481,-1.31854557481755
34,0.008683157,Herb gardeners who work extra get #thyme and a half.,0,33,1,0.319679065960508,1.16121091785501,0.320321332600205,1.96782323153603,2.07962129963554,4.04744453117156,7.33499150971144,-0.111798068099511,1.60160666300102
35,-0.069709347,If you say you have bad skin I would say that was a #pore excuse.,0,34,1,0.161188950834829,0.611075463104912,0.078129804817033,1.26560844399411,2.0034369764644,3.26904542045851,4.2412633673799,-0.737828532470289,0.234389414451098
36,0.154854389,People who like gold paint have a #gilt complex.,0,35,1,-0.082759772488531,0.674946181195122,0.144612278800414,1.45901115226425,1.45901115226425,2.37122989496804,3.94419848339664,0.546792409560468,0.578449115201657
39,-0.487831028,To #heir is human.,0,36,1,0.436615021208746,0.436615021208746,0.112412178964607,0.112412178964607,0.112412178964607,0,0.112412178964607,0.224824357929214,0.112412178964607
40,-0.490349669,When their boy was little they only got rest after #son down.,0,37,1,-0.251462778411987,0.714873639281546,-0.503909054145838,1.3144554715189,2.52936007520987,3.84381554672876,5.49972331707361,-1.21490460369097,-2.01563621658335
26,0.681787439,Novice pirates make terrible singers because they cannot hit the high #Cs.,0,38,1,-0.015128910844925,1.81212499880114,0.45386062959015,2.60450338841273,2.60450338841273,4.06467994295164,6.18646812278887,1.14432683387382,3.17702440713105
22,0.520163875,An electrician is a bright spark who knows whats #watt.,0,39,1,-0.512221129402641,0.02511147764916,-1.10907515439788,0.914743334298162,2.27935240286436,3.19409573716252,6.26578728618783,-1.3646090685662,-4.4363006175915
30,0.149258465,When the mayor wanted to slash the budget he turned to a fund #razor.,0,40,1,-0.289847679726165,1.32481540960982,0.081320392890854,2.20038740832618,2.20038740832618,4.30040856497831,4.83934904824776,0.100366251674056,0.487922357345124
,,,1,41,0,0.747203542818879,1.45995574696005,1.07157829715879,1.84530250373403,1.84530250373403,1.72093286130872,5.35789148579393,1.96967214615934,5.35789148579393
,,,1,42,0,0.335453945288164,1.59504276265363,0.828923696129298,1.75040441404738,1.75040441404738,1.59783838776586,4.97354217677579,1.9029704403289,4.97354217677579
,,,1,43,0,0.909973961358453,1.81698242359774,1.01988208638762,2.05538285015707,2.05538285015707,2.29216232986495,7.89396917395816,1.81860337044918,7.13917460471333
,,,1,44,0,1.11987182028861,1.79733524738104,1.88158446390151,2.35130623048233,2.35130623048233,1.0966111654781,5.64475339170454,3.60600129548656,5.64475339170454
,,,1,45,0,0.196794569655826,0.895424942441347,0.80040766387832,1.59427021667114,1.59427021667114,1.3726902849377,2.40122299163496,1.81585014840459,2.40122299163496
,,,1,46,0,1.2970746494798,1.66044967559982,1.6260804061732,2.18638767889688,2.18638767889688,1.0416858995287,8.130402030866,3.33108945826506,8.130402030866
,,,1,47,0,-0.328866687179398,-0.079101842967128,0.065280643304512,0.583706648666702,0.583706648666702,1.11898119628532,1.78128992238755,0.048432101048086,0.32640321652256
,,,1,48,0,0.735446013009209,1.61726280252036,1.03259289441542,2.41072488252769,2.41072488252769,2.79984714278277,4.90861609817182,2.02160262227261,4.13037157766166
,,,1,49,0,1.0595477957029,1.59004679336064,0.744159785118729,1.26284221216875,1.26284221216875,1.19346948577001,2.97663914047492,1.33221493856749,2.97663914047492
,,,1,50,0,0.660854305731987,1.76661042421187,0.545780023701862,1.43271853206277,1.43271853206277,1.39259956189851,1.63734007110559,1.47283750222702,1.63734007110559
,,,1,51,0,0.54858345605857,1.36173721777846,1.18971661525194,1.86052161749257,1.86052161749257,1.82472893246874,5.9485830762597,1.89631430251641,5.9485830762597
,,,1,52,0,0.271430683058635,0.780246842480845,0.90107945480185,1.42390080133728,1.42390080133728,1.70469339234507,4.16590300122296,1.1431082103295,3.6043178192074
,,,1,53,0,0.134518121944339,0.98902241501959,0.979620313415714,1.88732898091868,1.88732898091868,1.52997938476735,2.93886094024714,2.24467857707002,2.93886094024714
,,,1,54,0,-0.244111704556355,0.503493651706073,0.312594572721731,1.37147196295199,1.37147196295199,1.95214619193168,3.13159995609842,0.790797733972307,1.56297286360865
,,,1,55,0,1.27585965567531,1.60460477684671,1.58941389494907,1.91415083275934,1.91415083275934,0.522466212725873,4.76824168484721,3.3058354527928,4.76824168484721
,,,1,56,0,-0.412658158509577,-0.412658158509577,-0.228591545760869,-0.228591545760869,0.228591545760869,0,0.228591545760869,-0.457183091521738,-0.228591545760869
,,,1,57,0,-0.617301836910893,-0.412787117458235,-0.819582186550122,-0.600532888382142,1.22957607348707,0.629043185104925,2.45874655965037,-1.83010896186921,-2.45874655965037
,,,1,58,0,1.33342769328153,1.43926719118499,1.62103433386041,1.85676513728384,1.85676513728384,0.502606371674913,4.86310300158124,3.21092390289277,4.86310300158124
,,,1,59,0,1.39463142563032,1.64764439882315,1.3453581190641,2.31077136879238,2.31077136879238,1.93082649945654,2.69071623812821,2.69071623812821,2.69071623812821
,,,1,60,0,0.867352744843115,2.04340949234351,1.26649845944197,1.79794934047748,1.79794934047748,1.0522818362025,5.06599383776788,2.54361684475245,5.06599383776788
,,,1,61,0,0.475929543374397,0.919814829772108,0.860896170926743,1.71379980250669,1.71379980250669,1.82128869092116,3.65856246053591,1.60631091409223,3.44358468370697
,,,1,62,0,1.24190774997062,1.41679324990746,1.45309503560795,1.8173784000363,1.8173784000363,0.818289154956372,5.81238014243178,2.81646764511622,5.81238014243178
,,,1,63,0,0.133573483544946,1.35516188166286,0.539925330526563,1.34133708115487,1.34133708115487,1.97820993700507,3.43344703380666,0.704464225304663,2.15970132210625
,,,1,64,0,-0.220890310728066,0.547193413195806,0.501781090999018,1.45704651044018,1.45704651044018,1.4384014533547,3.01068654599411,1.47569156752566,3.01068654599411
,,,1,65,0,0.4262167910555,1.36903888833255,0.28100504655512,1.79058661369173,1.79058661369173,3.01916313427323,3.01916313427323,0.562010093110241,0.562010093110241
,,,1,66,0,0.629756343775061,1.74231054246043,1.22401509915221,2.21460624604549,2.21460624604549,1.71193039005567,4.89606039660886,2.7172821020353,4.89606039660886
,,,1,67,0,0.360141727472527,1.58550170537397,0.866163775088736,2.55249728235122,2.55249728235122,3.19826373963913,3.89002423984202,1.90673082506332,2.59849132526621
,,,1,68,0,0.352596716271593,1.21867042614304,0.834726001525686,1.70488145213109,1.70488145213109,1.56251724769726,3.33890400610275,1.84724565656492,3.33890400610275
,,,1,69,0,0.609811683501381,1.14767009776416,0.97621296142475,1.33223518182555,1.33223518182555,0.694003076614503,4.88106480712375,1.9704672870366,4.88106480712375
,,,1,70,0,0.447844281160397,1.24495231179182,0.582811832232966,1.27892518531473,1.27892518531473,1.28150281701598,2.91921442456732,1.27634755361348,2.91405916116483
,,,1,71,0,0.686729787100612,1.24354521924147,0.943098131715224,1.5766495962357,1.5766495962357,1.55992401641265,4.71549065857612,1.59337517605876,4.71549065857612
,,,1,72,0,0.298005801167785,0.443736452091216,0.780651060620134,1.34479665967584,1.34479665967584,0.852395613181457,2.3419531818604,1.83719770617023,2.3419531818604
,,,1,73,0,0.202314564862878,0.894330694038718,0.522314628152716,1.57586591251464,1.57586591251464,2.53049717366568,6.45719593905141,0.621234651363593,3.65620239706901
,,,1,74,0,0.739894389763401,1.75334416180791,0.970719569847449,2.18006314842968,2.18006314842968,2.50815288160327,5.50977731558443,1.85197341525609,4.85359784923724
,,,1,75,0,0.348171761480061,0.620316092976432,0.122607938353487,0.384648045353459,0.384648045353459,0.524080213999944,0.524080213999944,0.245215876706974,0.245215876706974
,,,1,76,0,1.10003157179027,1.50590325260022,1.81738928994831,2.15773193127217,2.15773193127217,0.837501463596901,7.26955715979325,3.47796239894745,7.26955715979325
,,,1,77,0,1.77738216390489,1.77738216390489,2.29235571194184,2.29235571194184,2.29235571194184,0,2.29235571194184,4.58471142388368,2.29235571194184
,,,1,78,0,0.233894019864367,1.74458083125762,0.679997515797752,2.36718466180133,2.36718466180133,2.98501013800048,4.71981060706147,1.74935918560218,3.39998757898876
,,,1,79,0,0.754428677786411,1.86265221002862,1.50046833643342,2.65558773146843,2.65558773146843,2.6758314124408,7.54282904411184,2.63534405049605,7.50234168216709
,,,1,80,0,1.15957593153423,1.80951633485795,1.45649455594399,2.07396530155761,2.07396530155761,1.24490132990494,4.36948366783196,2.90302927321027,4.36948366783196
,,,1,81,0,0.71996800185099,1.31094528445956,1.0628291600413,1.82458342628291,1.82458342628291,1.54969864118938,5.31414580020648,2.09946821137644,5.31414580020648
,,,1,82,0,1.60632822858202,1.62313450577717,2.17265188041546,2.56656769776805,2.56656769776805,0.787831634705192,4.34530376083092,4.34530376083092,4.34530376083092
,,,1,83,0,-0.20604460361056,-0.069653749608277,0.583837978008137,0.738039788047321,0.738039788047321,0.395149627692668,1.75151393402441,1.08092994840197,1.75151393402441
,,,1,84,0,-0.762721353948194,-0.602058824085577,-0.046924028339965,0.195519058394546,0.339328467129373,0.534847525523919,0.931787218617167,-0.143809408734827,-0.187696113359859
,,,1,85,0,0.519020384985366,1.51235813538621,1.10500507854069,2.55560432238091,2.55560432238091,2.54755455593913,6.63003047124415,2.56365408882269,6.63003047124415
,,,1,86,0,0.877209592060084,1.2396140554421,0.801916113565433,0.88433799847095,0.88433799847095,0.141680232993993,2.4057483406963,1.62699576394791,2.4057483406963
,,,1,87,0,1.09178634462707,1.45358431472702,1.32865929917354,1.92241164030225,1.92241164030225,1.19383473133984,3.98597789752062,2.65098854926467,3.98597789752062
,,,1,88,0,-0.025935409902117,0.462259010707738,0.683347373839281,0.989419732748777,0.989419732748777,0.612144717818992,1.36669474767856,1.36669474767856,1.36669474767856
,,,1,89,0,0.392238130470717,1.0376666611044,1.06590467438084,1.88082833680797,1.88082833680797,1.79447028679575,3.19771402314253,1.96718638682018,3.19771402314253
,,,1,90,0,1.01117147158243,1.0972479645796,0.991632886221179,1.03609606858855,1.03609606858855,0.088926364734741,1.98326577244236,1.98326577244236,1.98326577244236
,,,1,91,0,0.214634592524639,0.733705627719276,0.612891059778999,1.47654016046999,1.47654016046999,1.98721196851234,4.08579891497969,0.96586835242764,3.064455298895
,,,1,92,0,0.685575529370785,1.63435464204158,1.2703085004098,2.10771816656171,2.10771816656171,1.70579339261015,3.8109255012294,2.50964294051326,3.8109255012294
,,,1,93,0,0.566806180179947,0.682242994723321,1.45372310870577,1.58330320230795,1.58330320230795,0.259160187204354,2.90744621741154,2.90744621741154,2.90744621741154
,,,1,94,0,1.54154575668494,1.5579765341066,2.36685249169569,2.43653378733043,2.43653378733043,0.109960434602912,7.10055747508708,4.76310714005794,7.10055747508708
,,,1,95,0,0.560628331957636,0.740300423711437,0.776298084568488,0.829912165413737,0.829912165413737,0.107228161690498,1.55259616913698,1.55259616913698,1.55259616913698
,,,1,96,0,0.333460053087249,0.385803613960015,0.997831826409659,1.40585671833572,1.40585671833572,0.694320991486087,2.99349547922898,2.11739244518536,2.99349547922898
,,,1,97,0,1.26368085129515,1.64810005920336,1.90663005560009,2.23184642593667,2.23184642593667,0.650432740673159,3.81326011120017,3.81326011120017,3.81326011120017
,,,1,98,0,0.219953779835278,1.12276538667379,0.543077835648733,1.19837579851162,1.19837579851162,1.27573630971796,2.32703236500763,1.12101528730527,2.17231134259493
,,,1,99,0,-0.401696896988943,0.161037787216039,0.207364485545124,0.847603757522635,0.847603757522635,1.4073064130899,1.94886325331502,0.28790110195537,0.829457942180494
,,,1,100,0,0.316232418449366,0.316232418449366,0.931671441243289,0.931671441243289,0.931671441243289,0,0.931671441243289,1.86334288248658,0.931671441243289
,,,1,101,0,0.261618759415551,1.32271457321785,1.02132191432537,2.16452669545034,2.16452669545034,2.17649758000156,3.08790751207854,2.15255581089912,3.0639657429761
,,,1,102,0,-0.168633600424795,0.600575380514626,0.345155264255727,1.52161025152699,1.52161025152699,2.40104449242935,3.13948953882761,0.642176010624641,1.38062105702291
,,,1,103,0,0.91931396322563,1.62352944259189,1.37910414337967,2.35194316702881,2.35194316702881,1.94567804729829,2.75820828675934,2.75820828675934,2.75820828675934
,,,1,104,0,0.404077028935484,0.922511844558865,0.841496370485007,1.36540306617352,1.36540306617352,0.871389324299414,2.52448911145502,1.85941680804763,2.52448911145502
,,,1,105,0,0.371634889286953,1.05888186490163,1.16238422990807,1.76425999244243,1.76425999244243,1.53602063620956,4.64953691963226,1.9924993486753,4.64953691963226
,,,1,106,0,-0.242900876906153,0.448926775282542,0.322599057851767,0.720505837362961,0.720505837362961,0.683274230107672,0.967797173555301,0.75773744461825,0.967797173555301
,,,1,107,0,-0.282981082090625,0.023258026751783,0.218041091759162,0.515895639724317,0.515895639724317,0.579519886089611,1.2174539515264,0.452271393359023,1.09020545879581
,,,1,108,0,-0.036487471838811,0.790682998935275,0.510962775271921,1.42768093182917,1.42768093182917,1.3064747961608,2.04385110108768,1.54888706749754,2.04385110108768
,,,1,109,0,0.882647325570822,1.45108825520804,1.11932427181123,1.31923193646209,1.31923193646209,0.399815329301707,2.23864854362247,2.23864854362247,2.23864854362247
,,,1,110,0,-0.338645726816493,-0.27745735638236,-0.223091929040585,-0.068293130856599,0.37789072722457,0.309597596367971,0.446183858081169,-0.446183858081169,-0.446183858081169
,,,1,111,0,0.684206717171114,1.40821431669879,0.898440908366428,1.78553759601134,1.78553759601134,1.53354883040074,4.49220454183214,2.03752636162195,4.49220454183214
,,,1,112,0,0.32434242564544,1.35372756796668,0.427367659992353,1.14461578216824,1.14461578216824,1.93219684643032,3.28463276849359,0.357034717906147,1.70947063996941
,,,1,113,0,1.03182711866683,1.24197922778233,1.60462559396831,2.02322998410367,2.02322998410367,0.88054528327704,4.81387678190493,3.16591468493031,4.81387678190493
,,,1,114,0,0.293187803675463,0.732623518181762,1.03925859527051,1.40760063165967,1.40760063165967,0.880142970571144,4.15703438108204,1.9350582927482,4.15703438108204
,,,1,115,0,0.876105411456433,1.51515792216884,1.35146092541275,2.12998171454486,2.12998171454486,1.55740602064451,6.75730462706373,2.70255740844521,6.75730462706373
,,,1,116,0,-0.357802004753066,-0.130442477877082,-0.054039373301366,0.444716132717739,0.58728107152565,1.03199720424339,1.68915374697652,-0.142564938807911,-0.216157493205463
,,,1,117,0,1.10897271346019,1.65950626954641,1.61076595482002,2.16760879823347,2.16760879823347,1.26877556076395,6.44306381928009,3.066442035703,6.44306381928009
,,,1,118,0,1.35619157806929,1.81742784140711,1.91632493823567,2.52516055247413,2.52516055247413,1.5358574279485,5.748974814707,3.51446367699976,5.748974814707
,,,1,119,0,-0.223958165177649,-0.120793909911627,0.552462549638091,0.642719370804562,0.642719370804562,0.236870467007428,1.65738764891427,1.0485682746017,1.65738764891427
,,,1,120,0,-0.0605801655268,1.18170202317241,0.528941475917088,1.84996984985652,1.84996984985652,2.5505410176599,4.04584971519219,1.14939868205315,2.64470737958544
,,,1,41,1,-0.324374754339907,-0.090587571496364,-1.07157829715879,-0.12436964242531,1.84530250373403,1.72093286130872,5.35789148579393,-1.96967214615934,-5.35789148579393
,,,1,42,1,-0.493469750841134,0.107668833732929,-0.828923696129298,-0.15256602628152,1.75040441404738,1.59783838776586,4.97354217677579,-1.9029704403289,-4.97354217677579
,,,1,43,1,-0.109908125029166,0.436270432215891,-1.01988208638762,0.236779479707883,2.05538285015707,2.29216232986495,7.89396917395816,-1.81860337044918,-7.13917460471333
,,,1,44,1,-0.761712643612907,-0.553970983101291,-1.88158446390151,-1.25469506500423,2.35130623048233,1.0966111654781,5.64475339170454,-3.60600129548656,-5.64475339170454
,,,1,45,1,-0.603613094222495,-0.38184386584009,-0.80040766387832,-0.221579931733445,1.59427021667114,1.3726902849377,2.40122299163496,-1.81585014840459,-2.40122299163496
,,,1,46,1,-0.329005756693401,-0.084685471998395,-1.6260804061732,-1.14470177936818,2.18638767889688,1.0416858995287,8.130402030866,-3.33108945826506,-8.130402030866
,,,1,47,1,-0.39414733048391,-0.042517868680529,-0.065280643304512,0.535274547618616,0.583706648666702,1.11898119628532,1.78128992238755,-0.048432101048086,-0.32640321652256
,,,1,48,1,-0.297146881406206,0.374540943857204,-1.03259289441542,0.38912226025508,2.41072488252769,2.79984714278277,4.90861609817182,-2.02160262227261,-4.13037157766166
,,,1,49,1,0.315388010584168,0.660708768471901,-0.744159785118729,-0.06937272639874,1.26284221216875,1.19346948577001,2.97663914047492,-1.33221493856749,-2.97663914047492
,,,1,50,1,0.115074282030125,0.411359269806399,-0.545780023701862,-0.040118970164255,1.43271853206277,1.39259956189851,1.63734007110559,-1.47283750222702,-1.63734007110559
,,,1,51,1,-0.641133159193369,-0.498784399714115,-1.18971661525194,-0.035792685023834,1.86052161749257,1.82472893246874,5.9485830762597,-1.89631430251641,-5.9485830762597
,,,1,52,1,-0.629648771743215,-0.553630561815109,-0.90107945480185,0.280792591007781,1.42390080133728,1.70469339234507,4.16590300122296,-1.1431082103295,-3.6043178192074
,,,1,53,1,-0.845102191471376,-0.697300115383507,-0.979620313415714,-0.357349596151332,1.88732898091868,1.52997938476735,2.93886094024714,-2.24467857707002,-2.93886094024714
,,,1,54,1,-0.556706277278086,-0.239264401994546,-0.312594572721731,0.580674228979685,1.37147196295199,1.95214619193168,3.13159995609842,-0.790797733972307,-1.56297286360865
,,,1,55,1,-0.31355423927376,0.142198544792298,-1.58941389494907,-1.39168462003346,1.91415083275934,0.522466212725873,4.76824168484721,-3.3058354527928,-4.76824168484721
,,,1,56,1,-0.184066612748708,-0.184066612748708,0.228591545760869,0.228591545760869,0.228591545760869,0,0.228591545760869,0.457183091521738,0.228591545760869
,,,1,57,1,0.202280349639229,0.358097278276772,0.819582186550122,1.22957607348707,1.22957607348707,0.629043185104925,2.45874655965037,1.83010896186921,2.45874655965037
,,,1,58,1,-0.287606640578885,0.08510842557606,-1.62103433386041,-1.35415876560893,1.85676513728384,0.502606371674913,4.86310300158124,-3.21092390289277,-4.86310300158124
,,,1,59,1,0.049273306566217,0.761673583101659,-1.3453581190641,-0.379944869335831,2.31077136879238,1.93082649945654,2.69071623812821,-2.69071623812821,-2.69071623812821
,,,1,60,1,-0.399145714598854,0.245460151866032,-1.26649845944197,-0.745667504274976,1.79794934047748,1.0522818362025,5.06599383776788,-2.54361684475245,-5.06599383776788
,,,1,61,1,-0.384966627552346,0.664450928168503,-0.860896170926743,0.107488888414468,1.71379980250669,1.82128869092116,3.65856246053591,-1.60631091409223,-3.44358468370697
,,,1,62,1,-0.211187285637321,0.311130584487625,-1.45309503560795,-0.999089245079925,1.8173784000363,0.818289154956372,5.81238014243178,-2.81646764511622,-5.81238014243178
,,,1,63,1,-0.406351846981617,0.013824800507994,-0.539925330526563,0.636872855850203,1.34133708115487,1.97820993700507,3.43344703380666,-0.704464225304663,-2.15970132210625
,,,1,64,1,-0.722671401727083,-0.561463092584531,-0.501781090999018,-0.018645057085478,1.45704651044018,1.4384014533547,3.01068654599411,-1.47569156752566,-3.01068654599411
,,,1,65,1,0.14521174450038,0.711971214359944,-0.28100504655512,1.22857652058149,1.79058661369173,3.01916313427323,3.01916313427323,-0.562010093110241,-0.562010093110241
,,,1,66,1,-0.594258755377153,-0.340515838370061,-1.22401509915221,-0.502675855989817,2.21460624604549,1.71193039005567,4.89606039660886,-2.7172821020353,-4.89606039660886
,,,1,67,1,-0.506022047616209,-0.1594655874989,-0.866163775088736,0.645766457287904,2.55249728235122,3.19826373963913,3.89002423984202,-1.90673082506332,-2.59849132526621
,,,1,68,1,-0.482129285254094,-0.32884152900711,-0.834726001525686,-0.142364204433832,1.70488145213109,1.56251724769726,3.33890400610275,-1.84724565656492,-3.33890400610275
,,,1,69,1,-0.366401277923369,-0.165235526086258,-0.97621296142475,-0.638232105211049,1.33223518182555,0.694003076614503,4.88106480712375,-1.9704672870366,-4.88106480712375
,,,1,70,1,-0.134967551072568,0.318376524983918,-0.582811832232966,0.002577631701248,1.27892518531473,1.28150281701598,2.91921442456732,-1.27634755361348,-2.91405916116483
,,,1,71,1,-0.256368344614613,0.691846442557002,-0.943098131715224,-0.016725579823052,1.5766495962357,1.55992401641265,4.71549065857612,-1.59337517605876,-4.71549065857612
,,,1,72,1,-0.482645259452349,-0.16209715755146,-0.780651060620134,-0.492401046494385,1.34479665967584,0.852395613181457,2.3419531818604,-1.83719770617023,-2.3419531818604
,,,1,73,1,-0.320000063289838,0.37287072808796,-0.522314628152716,0.954631261151042,1.57586591251464,2.53049717366568,6.45719593905141,-0.621234651363593,-3.65620239706901
,,,1,74,1,-0.230825180084047,0.080568282689935,-0.970719569847449,0.328089733173593,2.18006314842968,2.50815288160327,5.50977731558443,-1.85197341525609,-4.85359784923724
,,,1,75,1,0.225563823126574,0.235668047622973,-0.122607938353487,0.139432168646485,0.384648045353459,0.524080213999944,0.524080213999944,-0.245215876706974,-0.245215876706974
,,,1,76,1,-0.717357718158041,-0.570791774427102,-1.81738928994831,-1.32023046767527,2.15773193127217,0.837501463596901,7.26955715979325,-3.47796239894745,-7.26955715979325
,,,1,77,1,-0.514973548036949,-0.514973548036949,-2.29235571194184,-2.29235571194184,2.29235571194184,0,2.29235571194184,-4.58471142388368,-2.29235571194184
,,,1,78,1,-0.446103495933385,0.53492798339533,-0.679997515797752,0.617825476199152,2.36718466180133,2.98501013800048,4.71981060706147,-1.74935918560218,-3.39998757898876
,,,1,79,1,-0.746039658647007,-0.335029209500105,-1.50046833643342,0.020243680972375,2.65558773146843,2.6758314124408,7.54282904411184,-2.63534405049605,-7.50234168216709
,,,1,80,1,-0.296918624409754,0.343061940236266,-1.45649455594399,-0.829063971652667,2.07396530155761,1.24490132990494,4.36948366783196,-2.90302927321027,-4.36948366783196
,,,1,81,1,-0.342861158190307,0.046192758990298,-1.0628291600413,-0.274884785093532,1.82458342628291,1.54969864118938,5.31414580020648,-2.09946821137644,-5.31414580020648
,,,1,82,1,-0.566323651833444,-0.155601557285693,-2.17265188041546,-1.77873606306286,2.56656769776805,0.787831634705192,4.34530376083092,-4.34530376083092,-4.34530376083092
,,,1,83,1,-0.789882581618697,-0.678141091784575,-0.583837978008137,-0.342890160354653,0.738039788047321,0.395149627692668,1.75151393402441,-1.08092994840197,-1.75151393402441
,,,1,84,1,-0.715797325608229,-0.605782898798345,0.046924028339965,0.339328467129373,0.339328467129373,0.534847525523919,0.931787218617167,0.143809408734827,0.187696113359859
,,,1,85,1,-0.585984693555325,0.065246558221518,-1.10500507854069,-0.008049766441776,2.55560432238091,2.54755455593913,6.63003047124415,-2.56365408882269,-6.63003047124415
,,,1,86,1,0.075293478494651,0.496956289965143,-0.801916113565433,-0.742657765476957,0.88433799847095,0.141680232993993,2.4057483406963,-1.62699576394791,-2.4057483406963
,,,1,87,1,-0.236872954546468,0.316592859387636,-1.32865929917354,-0.728576908962414,1.92241164030225,1.19383473133984,3.98597789752062,-2.65098854926467,-3.98597789752062
,,,1,88,1,-0.709282783741398,-0.527160722041039,-0.683347373839281,-0.377275014929785,0.989419732748777,0.612144717818992,1.36669474767856,-1.36669474767856,-1.36669474767856
,,,1,89,1,-0.673666543910127,-0.56239893323289,-1.06590467438084,-0.086358050012215,1.88082833680797,1.79447028679575,3.19771402314253,-1.96718638682018,-3.19771402314253
,,,1,90,1,0.01953858536125,0.150078260725792,-0.991632886221179,-0.947169703853808,1.03609606858855,0.088926364734741,1.98326577244236,-1.98326577244236,-1.98326577244236
,,,1,91,1,-0.39825646725436,0.133524685226406,-0.612891059778999,0.510671808042349,1.47654016046999,1.98721196851234,4.08579891497969,-0.96586835242764,-3.064455298895
,,,1,92,1,-0.584732971039016,-0.462838887777725,-1.2703085004098,-0.401924773951558,2.10771816656171,1.70579339261015,3.8109255012294,-2.50964294051326,-3.8109255012294
,,,1,93,1,-0.886916928525823,-0.87277364946702,-1.45372310870577,-1.32414301510359,1.58330320230795,0.259160187204354,2.90744621741154,-2.90744621741154,-2.90744621741154
,,,1,94,1,-0.82530673501075,-0.778077427096274,-2.36685249169569,-2.32657335272751,2.43653378733043,0.109960434602912,7.10055747508708,-4.76310714005794,-7.10055747508708
,,,1,95,1,-0.215669752610852,0.017616419988198,-0.776298084568488,-0.722684003723239,0.829912165413737,0.107228161690498,1.55259616913698,-1.55259616913698,-1.55259616913698
,,,1,96,1,-0.664371773322411,-0.480319262693074,-0.997831826409659,-0.711535726849638,1.40585671833572,0.694320991486087,2.99349547922898,-2.11739244518536,-2.99349547922898
,,,1,97,1,-0.642949204304937,-0.583746366733306,-1.90663005560009,-1.58141368526351,2.23184642593667,0.650432740673159,3.81326011120017,-3.81326011120017,-3.81326011120017
,,,1,98,1,-0.323124055813455,-0.075610411837827,-0.543077835648733,0.077360511206347,1.19837579851162,1.27573630971796,2.32703236500763,-1.12101528730527,-2.17231134259493
,,,1,99,1,-0.609061382534066,-0.25798051833799,-0.207364485545124,0.559702655567265,0.847603757522635,1.4073064130899,1.94886325331502,-0.28790110195537,-0.829457942180494
,,,1,100,1,-0.615439022793923,-0.615439022793923,-0.931671441243289,-0.931671441243289,0.931671441243289,0,0.931671441243289,-1.86334288248658,-0.931671441243289
,,,1,101,1,-0.759703154909815,-0.702555276989702,-1.02132191432537,0.01197088455122,2.16452669545034,2.17649758000156,3.08790751207854,-2.15255581089912,-3.0639657429761
,,,1,102,1,-0.513788864680522,0.101847382208021,-0.345155264255727,0.879434240902353,1.52161025152699,2.40104449242935,3.13948953882761,-0.642176010624641,-1.38062105702291
,,,1,103,1,-0.459790180154041,-0.191166635871159,-1.37910414337967,-0.406265119730528,2.35194316702881,1.94567804729829,2.75820828675934,-2.75820828675934,-2.75820828675934
,,,1,104,1,-0.437419341549523,-0.2881613251311,-0.841496370485007,-0.494013741874109,1.36540306617352,0.871389324299414,2.52448911145502,-1.85941680804763,-2.52448911145502
,,,1,105,1,-0.790749340621112,-0.691277561250593,-1.16238422990807,-0.228239356232869,1.76425999244243,1.53602063620956,4.64953691963226,-1.9924993486753,-4.64953691963226
,,,1,106,1,-0.56549993475792,-0.271579062080419,-0.322599057851767,-0.037231607255289,0.720505837362961,0.683274230107672,0.967797173555301,-0.75773744461825,-0.967797173555301
,,,1,107,1,-0.501022173849787,0.086882273117077,-0.218041091759162,0.063624246365294,0.515895639724317,0.579519886089611,1.2174539515264,-0.452271393359023,-1.09020545879581
,,,1,108,1,-0.547450247110732,-0.339194925454803,-0.510962775271921,-0.121206135668373,1.42768093182917,1.3064747961608,2.04385110108768,-1.54888706749754,-2.04385110108768
,,,1,109,1,-0.236676946240411,0.131856318745953,-1.11932427181123,-0.91941660716038,1.31923193646209,0.399815329301707,2.23864854362247,-2.23864854362247,-2.23864854362247
,,,1,110,1,-0.115553797775908,0.10043337084221,0.223091929040585,0.37789072722457,0.37789072722457,0.309597596367971,0.446183858081169,0.446183858081169,0.446183858081169
,,,1,111,1,-0.214234191195314,0.547454810212062,-0.898440908366428,-0.251988765610603,1.78553759601134,1.53354883040074,4.49220454183214,-2.03752636162195,-4.49220454183214
,,,1,112,1,-0.103025234346913,0.302905011888248,-0.427367659992353,0.787581064262088,1.14461578216824,1.93219684643032,3.28463276849359,-0.357034717906147,-1.70947063996941
,,,1,113,1,-0.572798475301477,-0.249824208915727,-1.60462559396831,-1.14268470082663,2.02322998410367,0.88054528327704,4.81387678190493,-3.16591468493031,-4.81387678190493
,,,1,114,1,-0.746070791595047,-0.488892983115533,-1.03925859527051,-0.527457661088527,1.40760063165967,0.880142970571144,4.15703438108204,-1.9350582927482,-4.15703438108204
,,,1,115,1,-0.475355513956314,0.213413822084493,-1.35146092541275,-0.572575693900352,2.12998171454486,1.55740602064451,6.75730462706373,-2.70255740844521,-6.75730462706373
,,,1,116,1,-0.3037626314517,0.017427688233438,0.054039373301366,0.58728107152565,0.58728107152565,1.03199720424339,1.68915374697652,0.142564938807911,0.216157493205463
,,,1,117,1,-0.501793241359832,-0.061480844753509,-1.61076595482002,-0.898833237469523,2.16760879823347,1.26877556076395,6.44306381928009,-3.066442035703,-6.44306381928009
,,,1,118,1,-0.560133360166378,-0.181968517679681,-1.91632493823567,-0.989303124525627,2.52516055247413,1.5358574279485,5.748974814707,-3.51446367699976,-5.748974814707
,,,1,119,1,-0.776420714815741,-0.706285160880822,-0.552462549638091,-0.405848903797134,0.642719370804562,0.236870467007428,1.65738764891427,-1.0485682746017,-1.65738764891427
,,,1,120,1,-0.589521641443887,-0.040051763186612,-0.528941475917088,0.700571167803376,1.84996984985652,2.5505410176599,4.04584971519219,-1.14939868205315,-2.64470737958544